received_utc,session_sample_index,raw_counts,simulated
2026-10-02T16:57:15.147700+00:00,0,0,True
2026-10-02T16:57:15.147700+00:00,1,34,True
2026-10-02T16:57:15.147700+00:00,2,66,True
2026-10-02T16:57:15.147700+00:00,3,97,True
2026-10-02T16:57:15.147700+00:00,4,124,True
2026-10-02T16:57:15.147700+00:00,5,147,True
2026-10-02T16:57:15.147700+00:00,6,165,True
2026-10-02T16:57:15.147700+00:00,7,179,True
2026-10-02T16:57:15.163524+00:00,8,187,True
2026-10-02T16:57:15.163524+00:00,9,190,True
2026-10-02T16:57:15.163524+00:00,10,188,True
2026-10-02T16:57:15.163524+00:00,11,183,True
2026-10-02T16:57:15.163524+00:00,12,174,True
2026-10-02T16:57:15.163524+00:00,13,163,True
2026-10-02T16:57:15.163524+00:00,14,151,True
2026-10-02T16:57:15.163524+00:00,15,138,True
2026-10-02T16:57:15.179156+00:00,16,124,True
2026-10-02T16:57:15.179156+00:00,17,111,True
2026-10-02T16:57:15.179156+00:00,18,100,True
2026-10-02T16:57:15.179156+00:00,19,89,True
2026-10-02T16:57:15.179156+00:00,20,79,True
2026-10-02T16:57:15.179156+00:00,21,70,True
2026-10-02T16:57:15.179156+00:00,22,61,True
2026-10-02T16:57:15.179156+00:00,23,53,True
2026-10-02T16:57:15.194682+00:00,24,43,True
2026-10-02T16:57:15.194682+00:00,25,33,True
2026-10-02T16:57:15.194682+00:00,26,21,True
2026-10-02T16:57:15.194682+00:00,27,7,True
2026-10-02T16:57:15.194682+00:00,28,-9,True
2026-10-02T16:57:15.194682+00:00,29,-27,True
2026-10-02T16:57:15.194682+00:00,30,-48,True
2026-10-02T16:57:15.194682+00:00,31,-71,True
2026-10-02T16:57:15.209942+00:00,32,-95,True
2026-10-02T16:57:15.209942+00:00,33,-119,True
2026-10-02T16:57:15.209942+00:00,34,-143,True
2026-10-02T16:57:15.209942+00:00,35,-165,True
2026-10-02T16:57:15.209942+00:00,36,-185,True
2026-10-02T16:57:15.209942+00:00,37,-201,True
2026-10-02T16:57:15.209942+00:00,38,-213,True
2026-10-02T16:57:15.209942+00:00,39,-219,True
2026-10-02T16:57:15.225663+00:00,40,-220,True
2026-10-02T16:57:15.225663+00:00,41,-215,True
2026-10-02T16:57:15.225663+00:00,42,-205,True
2026-10-02T16:57:15.225663+00:00,43,-188,True
2026-10-02T16:57:15.225663+00:00,44,-167,True
2026-10-02T16:57:15.225663+00:00,45,-142,True
2026-10-02T16:57:15.225663+00:00,46,-113,True
2026-10-02T16:57:15.225663+00:00,47,-83,True
2026-10-02T16:57:15.240729+00:00,48,-51,True
2026-10-02T16:57:15.240729+00:00,49,-20,True
2026-10-02T16:57:15.240729+00:00,50,9,True
2026-10-02T16:57:15.240729+00:00,51,37,True
2026-10-02T16:57:15.240729+00:00,52,62,True
2026-10-02T16:57:15.240729+00:00,53,83,True
2026-10-02T16:57:15.240729+00:00,54,101,True
2026-10-02T16:57:15.240729+00:00,55,115,True
2026-10-02T16:57:15.256229+00:00,56,125,True
2026-10-02T16:57:15.256229+00:00,57,131,True
2026-10-02T16:57:15.256229+00:00,58,135,True
2026-10-02T16:57:15.256229+00:00,59,137,True
2026-10-02T16:57:15.256229+00:00,60,137,True
2026-10-02T16:57:15.256229+00:00,61,136,True
2026-10-02T16:57:15.256229+00:00,62,136,True
2026-10-02T16:57:15.256229+00:00,63,135,True
2026-10-02T16:57:15.271390+00:00,64,135,True
2026-10-02T16:57:15.271390+00:00,65,135,True
2026-10-02T16:57:15.271390+00:00,66,136,True
2026-10-02T16:57:15.271390+00:00,67,136,True
2026-10-02T16:57:15.271390+00:00,68,137,True
2026-10-02T16:57:15.271390+00:00,69,137,True
2026-10-02T16:57:15.271390+00:00,70,135,True
2026-10-02T16:57:15.271390+00:00,71,131,True
2026-10-02T16:57:15.287101+00:00,72,125,True
2026-10-02T16:57:15.287101+00:00,73,115,True
2026-10-02T16:57:15.287101+00:00,74,101,True
2026-10-02T16:57:15.287101+00:00,75,83,True
2026-10-02T16:57:15.287101+00:00,76,62,True
2026-10-02T16:57:15.287101+00:00,77,37,True
2026-10-02T16:57:15.287101+00:00,78,9,True
2026-10-02T16:57:15.287101+00:00,79,-20,True
2026-10-02T16:57:15.302343+00:00,80,-51,True
2026-10-02T16:57:15.302343+00:00,81,-83,True
2026-10-02T16:57:15.302343+00:00,82,-113,True
2026-10-02T16:57:15.302343+00:00,83,-142,True
2026-10-02T16:57:15.302343+00:00,84,-167,True
2026-10-02T16:57:15.302343+00:00,85,-188,True
2026-10-02T16:57:15.302343+00:00,86,-205,True
2026-10-02T16:57:15.302343+00:00,87,-215,True
2026-10-02T16:57:15.317860+00:00,88,-220,True
2026-10-02T16:57:15.317860+00:00,89,-219,True
2026-10-02T16:57:15.317860+00:00,90,-213,True
2026-10-02T16:57:15.317860+00:00,91,-201,True
2026-10-02T16:57:15.317860+00:00,92,-185,True
2026-10-02T16:57:15.317860+00:00,93,-165,True
2026-10-02T16:57:15.317860+00:00,94,-143,True
2026-10-02T16:57:15.317860+00:00,95,-119,True
2026-10-02T16:57:15.333370+00:00,96,-95,True
2026-10-02T16:57:15.333370+00:00,97,-71,True
2026-10-02T16:57:15.333370+00:00,98,-48,True
2026-10-02T16:57:15.333370+00:00,99,-27,True
2026-10-02T16:57:15.333370+00:00,100,-9,True
2026-10-02T16:57:15.333370+00:00,101,7,True
2026-10-02T16:57:15.333370+00:00,102,21,True
2026-10-02T16:57:15.333370+00:00,103,33,True
2026-10-02T16:57:15.349404+00:00,104,43,True
2026-10-02T16:57:15.349404+00:00,105,53,True
2026-10-02T16:57:15.349404+00:00,106,61,True
2026-10-02T16:57:15.349404+00:00,107,70,True
2026-10-02T16:57:15.349404+00:00,108,79,True
2026-10-02T16:57:15.349404+00:00,109,89,True
2026-10-02T16:57:15.349404+00:00,110,100,True
2026-10-02T16:57:15.349404+00:00,111,111,True
2026-10-02T16:57:15.364724+00:00,112,124,True
2026-10-02T16:57:15.364724+00:00,113,138,True
2026-10-02T16:57:15.364724+00:00,114,151,True
2026-10-02T16:57:15.364724+00:00,115,163,True
2026-10-02T16:57:15.364724+00:00,116,174,True
2026-10-02T16:57:15.364724+00:00,117,183,True
2026-10-02T16:57:15.364724+00:00,118,188,True
2026-10-02T16:57:15.364724+00:00,119,190,True
2026-10-02T16:57:15.379821+00:00,120,187,True
2026-10-02T16:57:15.379821+00:00,121,179,True
2026-10-02T16:57:15.379821+00:00,122,165,True
2026-10-02T16:57:15.379821+00:00,123,147,True
2026-10-02T16:57:15.379821+00:00,124,124,True
2026-10-02T16:57:15.379821+00:00,125,97,True
2026-10-02T16:57:15.379821+00:00,126,66,True
2026-10-02T16:57:15.379821+00:00,127,34,True
2026-10-02T16:57:15.393031+00:00,128,0,True
2026-10-02T16:57:15.393031+00:00,129,-34,True
2026-10-02T16:57:15.393031+00:00,130,-66,True
2026-10-02T16:57:15.393031+00:00,131,-97,True
2026-10-02T16:57:15.393031+00:00,132,-124,True
2026-10-02T16:57:15.393031+00:00,133,-147,True
2026-10-02T16:57:15.393031+00:00,134,-165,True
2026-10-02T16:57:15.393031+00:00,135,-179,True
2026-10-02T16:57:15.408127+00:00,136,-187,True
2026-10-02T16:57:15.408127+00:00,137,-190,True
2026-10-02T16:57:15.408127+00:00,138,-188,True
2026-10-02T16:57:15.408127+00:00,139,-183,True
2026-10-02T16:57:15.408127+00:00,140,-174,True
2026-10-02T16:57:15.408127+00:00,141,-163,True
2026-10-02T16:57:15.408127+00:00,142,-151,True
2026-10-02T16:57:15.408127+00:00,143,-138,True
2026-10-02T16:57:15.423652+00:00,144,-124,True
2026-10-02T16:57:15.423652+00:00,145,-111,True
2026-10-02T16:57:15.423652+00:00,146,-100,True
2026-10-02T16:57:15.423652+00:00,147,-89,True
2026-10-02T16:57:15.423652+00:00,148,-79,True
2026-10-02T16:57:15.423652+00:00,149,-70,True
2026-10-02T16:57:15.423652+00:00,150,-61,True
2026-10-02T16:57:15.423652+00:00,151,-53,True
2026-10-02T16:57:15.439077+00:00,152,-43,True
2026-10-02T16:57:15.439077+00:00,153,-33,True
2026-10-02T16:57:15.439077+00:00,154,-21,True
2026-10-02T16:57:15.439077+00:00,155,-7,True
2026-10-02T16:57:15.439077+00:00,156,9,True
2026-10-02T16:57:15.439077+00:00,157,27,True
2026-10-02T16:57:15.439077+00:00,158,48,True
2026-10-02T16:57:15.439077+00:00,159,71,True
2026-10-02T16:57:15.455074+00:00,160,95,True
2026-10-02T16:57:15.455074+00:00,161,119,True
2026-10-02T16:57:15.455074+00:00,162,143,True
2026-10-02T16:57:15.455074+00:00,163,165,True
2026-10-02T16:57:15.455074+00:00,164,185,True
2026-10-02T16:57:15.455074+00:00,165,201,True
2026-10-02T16:57:15.455074+00:00,166,213,True
2026-10-02T16:57:15.455074+00:00,167,219,True
2026-10-02T16:57:15.470531+00:00,168,220,True
2026-10-02T16:57:15.470531+00:00,169,215,True
2026-10-02T16:57:15.470531+00:00,170,205,True
2026-10-02T16:57:15.470531+00:00,171,188,True
2026-10-02T16:57:15.470531+00:00,172,167,True
2026-10-02T16:57:15.470531+00:00,173,142,True
2026-10-02T16:57:15.470531+00:00,174,113,True
2026-10-02T16:57:15.470531+00:00,175,83,True
2026-10-02T16:57:15.486299+00:00,176,51,True
2026-10-02T16:57:15.486299+00:00,177,20,True
2026-10-02T16:57:15.486299+00:00,178,-9,True
2026-10-02T16:57:15.486299+00:00,179,-37,True
2026-10-02T16:57:15.486299+00:00,180,-62,True
2026-10-02T16:57:15.486299+00:00,181,-83,True
2026-10-02T16:57:15.486299+00:00,182,-101,True
2026-10-02T16:57:15.486299+00:00,183,-115,True
2026-10-02T16:57:15.501863+00:00,184,-125,True
2026-10-02T16:57:15.501863+00:00,185,-131,True
2026-10-02T16:57:15.501863+00:00,186,-135,True
2026-10-02T16:57:15.501863+00:00,187,-137,True
2026-10-02T16:57:15.501863+00:00,188,-137,True
2026-10-02T16:57:15.501863+00:00,189,-136,True
2026-10-02T16:57:15.501863+00:00,190,-136,True
2026-10-02T16:57:15.501863+00:00,191,-135,True
2026-10-02T16:57:15.517956+00:00,192,-135,True
2026-10-02T16:57:15.517956+00:00,193,-135,True
2026-10-02T16:57:15.517956+00:00,194,-136,True
2026-10-02T16:57:15.517956+00:00,195,-136,True
2026-10-02T16:57:15.517956+00:00,196,-137,True
2026-10-02T16:57:15.517956+00:00,197,-137,True
2026-10-02T16:57:15.517956+00:00,198,-135,True
2026-10-02T16:57:15.517956+00:00,199,-131,True
2026-10-02T16:57:15.532856+00:00,200,-125,True
2026-10-02T16:57:15.532856+00:00,201,-115,True
2026-10-02T16:57:15.532856+00:00,202,-101,True
2026-10-02T16:57:15.532856+00:00,203,-83,True
2026-10-02T16:57:15.532856+00:00,204,-62,True
2026-10-02T16:57:15.532856+00:00,205,-37,True
2026-10-02T16:57:15.532856+00:00,206,-9,True
2026-10-02T16:57:15.532856+00:00,207,20,True
2026-10-02T16:57:15.548097+00:00,208,51,True
2026-10-02T16:57:15.548097+00:00,209,83,True
2026-10-02T16:57:15.548097+00:00,210,113,True
2026-10-02T16:57:15.548097+00:00,211,142,True
2026-10-02T16:57:15.548097+00:00,212,167,True
2026-10-02T16:57:15.548097+00:00,213,188,True
2026-10-02T16:57:15.548097+00:00,214,205,True
2026-10-02T16:57:15.548097+00:00,215,215,True
2026-10-02T16:57:15.563328+00:00,216,220,True
2026-10-02T16:57:15.563328+00:00,217,219,True
2026-10-02T16:57:15.563328+00:00,218,213,True
2026-10-02T16:57:15.563328+00:00,219,201,True
2026-10-02T16:57:15.563328+00:00,220,185,True
2026-10-02T16:57:15.563328+00:00,221,165,True
2026-10-02T16:57:15.563328+00:00,222,143,True
2026-10-02T16:57:15.563328+00:00,223,119,True
2026-10-02T16:57:15.578856+00:00,224,95,True
2026-10-02T16:57:15.578856+00:00,225,71,True
2026-10-02T16:57:15.578856+00:00,226,48,True
2026-10-02T16:57:15.578856+00:00,227,27,True
2026-10-02T16:57:15.578856+00:00,228,9,True
2026-10-02T16:57:15.578856+00:00,229,-7,True
2026-10-02T16:57:15.578856+00:00,230,-21,True
2026-10-02T16:57:15.578856+00:00,231,-33,True
2026-10-02T16:57:15.594566+00:00,232,-43,True
2026-10-02T16:57:15.594566+00:00,233,-53,True
2026-10-02T16:57:15.594566+00:00,234,-61,True
2026-10-02T16:57:15.594566+00:00,235,-70,True
2026-10-02T16:57:15.594566+00:00,236,-79,True
2026-10-02T16:57:15.594566+00:00,237,-89,True
2026-10-02T16:57:15.594566+00:00,238,-100,True
2026-10-02T16:57:15.594566+00:00,239,-111,True
2026-10-02T16:57:15.609947+00:00,240,-124,True
2026-10-02T16:57:15.609947+00:00,241,-138,True
2026-10-02T16:57:15.609947+00:00,242,-151,True
2026-10-02T16:57:15.609947+00:00,243,-163,True
2026-10-02T16:57:15.609947+00:00,244,-174,True
2026-10-02T16:57:15.609947+00:00,245,-183,True
2026-10-02T16:57:15.609947+00:00,246,-188,True
2026-10-02T16:57:15.609947+00:00,247,-190,True
2026-10-02T16:57:15.626305+00:00,248,-187,True
2026-10-02T16:57:15.626305+00:00,249,-179,True
2026-10-02T16:57:15.626305+00:00,250,-165,True
2026-10-02T16:57:15.626305+00:00,251,-147,True
2026-10-02T16:57:15.626305+00:00,252,-124,True
2026-10-02T16:57:15.626305+00:00,253,-97,True
2026-10-02T16:57:15.626305+00:00,254,-66,True
2026-10-02T16:57:15.626305+00:00,255,-34,True
2026-10-02T16:57:15.641469+00:00,256,0,True
2026-10-02T16:57:15.641469+00:00,257,34,True
2026-10-02T16:57:15.641469+00:00,258,66,True
2026-10-02T16:57:15.641469+00:00,259,97,True
2026-10-02T16:57:15.641469+00:00,260,124,True
2026-10-02T16:57:15.641469+00:00,261,147,True
2026-10-02T16:57:15.641469+00:00,262,165,True
2026-10-02T16:57:15.641469+00:00,263,179,True
2026-10-02T16:57:15.657330+00:00,264,187,True
2026-10-02T16:57:15.657330+00:00,265,190,True
2026-10-02T16:57:15.657330+00:00,266,188,True
2026-10-02T16:57:15.657330+00:00,267,183,True
2026-10-02T16:57:15.657330+00:00,268,174,True
2026-10-02T16:57:15.657330+00:00,269,163,True
2026-10-02T16:57:15.657330+00:00,270,151,True
2026-10-02T16:57:15.657330+00:00,271,138,True
2026-10-02T16:57:15.672960+00:00,272,124,True
2026-10-02T16:57:15.672960+00:00,273,111,True
2026-10-02T16:57:15.672960+00:00,274,100,True
2026-10-02T16:57:15.672960+00:00,275,89,True
2026-10-02T16:57:15.672960+00:00,276,79,True
2026-10-02T16:57:15.672960+00:00,277,70,True
2026-10-02T16:57:15.672960+00:00,278,61,True
2026-10-02T16:57:15.672960+00:00,279,53,True
2026-10-02T16:57:15.688148+00:00,280,43,True
2026-10-02T16:57:15.688148+00:00,281,33,True
2026-10-02T16:57:15.688148+00:00,282,21,True
2026-10-02T16:57:15.688148+00:00,283,7,True
2026-10-02T16:57:15.688148+00:00,284,-9,True
2026-10-02T16:57:15.688148+00:00,285,-27,True
2026-10-02T16:57:15.688148+00:00,286,-48,True
2026-10-02T16:57:15.688148+00:00,287,-71,True
2026-10-02T16:57:15.703483+00:00,288,-95,True
2026-10-02T16:57:15.703483+00:00,289,-119,True
2026-10-02T16:57:15.703483+00:00,290,-143,True
2026-10-02T16:57:15.703483+00:00,291,-165,True
2026-10-02T16:57:15.703483+00:00,292,-185,True
2026-10-02T16:57:15.703483+00:00,293,-201,True
2026-10-02T16:57:15.703483+00:00,294,-213,True
2026-10-02T16:57:15.703483+00:00,295,-219,True
2026-10-02T16:57:15.718737+00:00,296,-220,True
2026-10-02T16:57:15.718737+00:00,297,-215,True
2026-10-02T16:57:15.718737+00:00,298,-205,True
2026-10-02T16:57:15.718737+00:00,299,-188,True
2026-10-02T16:57:15.718737+00:00,300,-167,True
2026-10-02T16:57:15.718737+00:00,301,-142,True
2026-10-02T16:57:15.718737+00:00,302,-113,True
2026-10-02T16:57:15.718737+00:00,303,-83,True
2026-10-02T16:57:15.734175+00:00,304,-51,True
2026-10-02T16:57:15.734175+00:00,305,-20,True
2026-10-02T16:57:15.734175+00:00,306,9,True
2026-10-02T16:57:15.734175+00:00,307,37,True
2026-10-02T16:57:15.734175+00:00,308,62,True
2026-10-02T16:57:15.734175+00:00,309,83,True
2026-10-02T16:57:15.734175+00:00,310,101,True
2026-10-02T16:57:15.734175+00:00,311,115,True
2026-10-02T16:57:15.749519+00:00,312,125,True
2026-10-02T16:57:15.749519+00:00,313,131,True
2026-10-02T16:57:15.749519+00:00,314,135,True
2026-10-02T16:57:15.749519+00:00,315,137,True
2026-10-02T16:57:15.749519+00:00,316,137,True
2026-10-02T16:57:15.749519+00:00,317,136,True
2026-10-02T16:57:15.749519+00:00,318,136,True
2026-10-02T16:57:15.749519+00:00,319,135,True
2026-10-02T16:57:15.765022+00:00,320,135,True
2026-10-02T16:57:15.765022+00:00,321,135,True
2026-10-02T16:57:15.765022+00:00,322,136,True
2026-10-02T16:57:15.765022+00:00,323,136,True
2026-10-02T16:57:15.765022+00:00,324,137,True
2026-10-02T16:57:15.765022+00:00,325,137,True
2026-10-02T16:57:15.765022+00:00,326,135,True
2026-10-02T16:57:15.765022+00:00,327,131,True
2026-10-02T16:57:15.780546+00:00,328,125,True
2026-10-02T16:57:15.780546+00:00,329,115,True
2026-10-02T16:57:15.780546+00:00,330,101,True
2026-10-02T16:57:15.780546+00:00,331,83,True
2026-10-02T16:57:15.780546+00:00,332,62,True
2026-10-02T16:57:15.780546+00:00,333,37,True
2026-10-02T16:57:15.780546+00:00,334,9,True
2026-10-02T16:57:15.780546+00:00,335,-20,True
2026-10-02T16:57:15.796158+00:00,336,-51,True
2026-10-02T16:57:15.796158+00:00,337,-83,True
2026-10-02T16:57:15.796158+00:00,338,-113,True
2026-10-02T16:57:15.796158+00:00,339,-142,True
2026-10-02T16:57:15.796158+00:00,340,-167,True
2026-10-02T16:57:15.796158+00:00,341,-188,True
2026-10-02T16:57:15.796158+00:00,342,-205,True
2026-10-02T16:57:15.796158+00:00,343,-215,True
2026-10-02T16:57:15.811553+00:00,344,-220,True
2026-10-02T16:57:15.811553+00:00,345,-219,True
2026-10-02T16:57:15.811553+00:00,346,-213,True
2026-10-02T16:57:15.811553+00:00,347,-201,True
2026-10-02T16:57:15.811553+00:00,348,-185,True
2026-10-02T16:57:15.811553+00:00,349,-165,True
2026-10-02T16:57:15.811553+00:00,350,-143,True
2026-10-02T16:57:15.811553+00:00,351,-119,True
2026-10-02T16:57:15.827048+00:00,352,-95,True
2026-10-02T16:57:15.827048+00:00,353,-71,True
2026-10-02T16:57:15.827048+00:00,354,-48,True
2026-10-02T16:57:15.827048+00:00,355,-27,True
2026-10-02T16:57:15.827048+00:00,356,-9,True
2026-10-02T16:57:15.827048+00:00,357,7,True
2026-10-02T16:57:15.827048+00:00,358,21,True
2026-10-02T16:57:15.828065+00:00,359,33,True
2026-10-02T16:57:15.843063+00:00,360,43,True
2026-10-02T16:57:15.843063+00:00,361,53,True
2026-10-02T16:57:15.843063+00:00,362,61,True
2026-10-02T16:57:15.843063+00:00,363,70,True
2026-10-02T16:57:15.843063+00:00,364,79,True
2026-10-02T16:57:15.843063+00:00,365,89,True
2026-10-02T16:57:15.843063+00:00,366,100,True
2026-10-02T16:57:15.843063+00:00,367,111,True
2026-10-02T16:57:15.858430+00:00,368,124,True
2026-10-02T16:57:15.858430+00:00,369,138,True
2026-10-02T16:57:15.858430+00:00,370,151,True
2026-10-02T16:57:15.858430+00:00,371,163,True
2026-10-02T16:57:15.858430+00:00,372,174,True
2026-10-02T16:57:15.858430+00:00,373,183,True
2026-10-02T16:57:15.858430+00:00,374,188,True
2026-10-02T16:57:15.858430+00:00,375,190,True
2026-10-02T16:57:15.874155+00:00,376,187,True
2026-10-02T16:57:15.874155+00:00,377,179,True
2026-10-02T16:57:15.874155+00:00,378,165,True
2026-10-02T16:57:15.874155+00:00,379,147,True
2026-10-02T16:57:15.874155+00:00,380,124,True
2026-10-02T16:57:15.874155+00:00,381,97,True
2026-10-02T16:57:15.874155+00:00,382,66,True
2026-10-02T16:57:15.874155+00:00,383,34,True
2026-10-02T16:57:15.889953+00:00,384,0,True
2026-10-02T16:57:15.889953+00:00,385,-34,True
2026-10-02T16:57:15.889953+00:00,386,-66,True
2026-10-02T16:57:15.889953+00:00,387,-97,True
2026-10-02T16:57:15.889953+00:00,388,-124,True
2026-10-02T16:57:15.889953+00:00,389,-147,True
2026-10-02T16:57:15.889953+00:00,390,-165,True
2026-10-02T16:57:15.889953+00:00,391,-179,True
2026-10-02T16:57:15.905370+00:00,392,-187,True
2026-10-02T16:57:15.905370+00:00,393,-190,True
2026-10-02T16:57:15.905370+00:00,394,-188,True
2026-10-02T16:57:15.905370+00:00,395,-183,True
2026-10-02T16:57:15.905370+00:00,396,-174,True
2026-10-02T16:57:15.905370+00:00,397,-163,True
2026-10-02T16:57:15.905370+00:00,398,-151,True
2026-10-02T16:57:15.905370+00:00,399,-138,True
2026-10-02T16:57:15.920468+00:00,400,-124,True
2026-10-02T16:57:15.920468+00:00,401,-111,True
2026-10-02T16:57:15.920468+00:00,402,-100,True
2026-10-02T16:57:15.920468+00:00,403,-89,True
2026-10-02T16:57:15.920468+00:00,404,-79,True
2026-10-02T16:57:15.920468+00:00,405,-70,True
2026-10-02T16:57:15.920468+00:00,406,-61,True
2026-10-02T16:57:15.920468+00:00,407,-53,True
2026-10-02T16:57:15.936510+00:00,408,-43,True
2026-10-02T16:57:15.936510+00:00,409,-33,True
2026-10-02T16:57:15.936510+00:00,410,-21,True
2026-10-02T16:57:15.936510+00:00,411,-7,True
2026-10-02T16:57:15.936510+00:00,412,9,True
2026-10-02T16:57:15.936510+00:00,413,27,True
2026-10-02T16:57:15.936510+00:00,414,48,True
2026-10-02T16:57:15.936510+00:00,415,71,True
2026-10-02T16:57:15.952478+00:00,416,95,True
2026-10-02T16:57:15.952478+00:00,417,119,True
2026-10-02T16:57:15.952478+00:00,418,143,True
2026-10-02T16:57:15.952478+00:00,419,165,True
2026-10-02T16:57:15.952478+00:00,420,185,True
2026-10-02T16:57:15.952478+00:00,421,201,True
2026-10-02T16:57:15.952478+00:00,422,213,True
2026-10-02T16:57:15.952478+00:00,423,219,True
2026-10-02T16:57:15.966348+00:00,424,220,True
2026-10-02T16:57:15.966348+00:00,425,215,True
2026-10-02T16:57:15.966348+00:00,426,205,True
2026-10-02T16:57:15.966348+00:00,427,188,True
2026-10-02T16:57:15.966348+00:00,428,167,True
2026-10-02T16:57:15.966348+00:00,429,142,True
2026-10-02T16:57:15.966348+00:00,430,113,True
2026-10-02T16:57:15.966348+00:00,431,83,True
2026-10-02T16:57:15.981841+00:00,432,51,True
2026-10-02T16:57:15.981841+00:00,433,20,True
2026-10-02T16:57:15.981841+00:00,434,-9,True
2026-10-02T16:57:15.981841+00:00,435,-37,True
2026-10-02T16:57:15.981841+00:00,436,-62,True
2026-10-02T16:57:15.981841+00:00,437,-83,True
2026-10-02T16:57:15.981841+00:00,438,-101,True
2026-10-02T16:57:15.981841+00:00,439,-115,True
2026-10-02T16:57:15.997447+00:00,440,-125,True
2026-10-02T16:57:15.997447+00:00,441,-131,True
2026-10-02T16:57:15.997447+00:00,442,-135,True
2026-10-02T16:57:15.997447+00:00,443,-137,True
2026-10-02T16:57:15.997447+00:00,444,-137,True
2026-10-02T16:57:15.997447+00:00,445,-136,True
2026-10-02T16:57:15.997447+00:00,446,-136,True
2026-10-02T16:57:15.997447+00:00,447,-135,True
2026-10-02T16:57:16.013747+00:00,448,-135,True
2026-10-02T16:57:16.013747+00:00,449,-135,True
2026-10-02T16:57:16.013747+00:00,450,-136,True
2026-10-02T16:57:16.013747+00:00,451,-136,True
2026-10-02T16:57:16.013747+00:00,452,-137,True
2026-10-02T16:57:16.013747+00:00,453,-137,True
2026-10-02T16:57:16.013747+00:00,454,-135,True
2026-10-02T16:57:16.013747+00:00,455,-131,True
2026-10-02T16:57:16.029650+00:00,456,-125,True
2026-10-02T16:57:16.029650+00:00,457,-115,True
2026-10-02T16:57:16.029650+00:00,458,-101,True
2026-10-02T16:57:16.029650+00:00,459,-83,True
2026-10-02T16:57:16.029650+00:00,460,-62,True
2026-10-02T16:57:16.029650+00:00,461,-37,True
2026-10-02T16:57:16.029650+00:00,462,-9,True
2026-10-02T16:57:16.029650+00:00,463,20,True
2026-10-02T16:57:16.044491+00:00,464,51,True
2026-10-02T16:57:16.044491+00:00,465,83,True
2026-10-02T16:57:16.044491+00:00,466,113,True
2026-10-02T16:57:16.044491+00:00,467,142,True
2026-10-02T16:57:16.044491+00:00,468,167,True
2026-10-02T16:57:16.044491+00:00,469,188,True
2026-10-02T16:57:16.044491+00:00,470,205,True
2026-10-02T16:57:16.044491+00:00,471,215,True
2026-10-02T16:57:16.060078+00:00,472,220,True
2026-10-02T16:57:16.060078+00:00,473,219,True
2026-10-02T16:57:16.060078+00:00,474,213,True
2026-10-02T16:57:16.060078+00:00,475,201,True
2026-10-02T16:57:16.060078+00:00,476,185,True
2026-10-02T16:57:16.060078+00:00,477,165,True
2026-10-02T16:57:16.060078+00:00,478,143,True
2026-10-02T16:57:16.060078+00:00,479,119,True
2026-10-02T16:57:16.075205+00:00,480,95,True
2026-10-02T16:57:16.075205+00:00,481,71,True
2026-10-02T16:57:16.075205+00:00,482,48,True
2026-10-02T16:57:16.075205+00:00,483,27,True
2026-10-02T16:57:16.075205+00:00,484,9,True
2026-10-02T16:57:16.075205+00:00,485,-7,True
2026-10-02T16:57:16.075205+00:00,486,-21,True
2026-10-02T16:57:16.075205+00:00,487,-33,True
2026-10-02T16:57:16.090856+00:00,488,-43,True
2026-10-02T16:57:16.090856+00:00,489,-53,True
2026-10-02T16:57:16.090856+00:00,490,-61,True
2026-10-02T16:57:16.090856+00:00,491,-70,True
2026-10-02T16:57:16.090856+00:00,492,-79,True
2026-10-02T16:57:16.090856+00:00,493,-89,True
2026-10-02T16:57:16.090856+00:00,494,-100,True
2026-10-02T16:57:16.090856+00:00,495,-111,True
2026-10-02T16:57:16.105987+00:00,496,-124,True
2026-10-02T16:57:16.105987+00:00,497,-138,True
2026-10-02T16:57:16.105987+00:00,498,-151,True
2026-10-02T16:57:16.105987+00:00,499,-163,True
2026-10-02T16:57:16.105987+00:00,500,-174,True
2026-10-02T16:57:16.105987+00:00,501,-183,True
2026-10-02T16:57:16.105987+00:00,502,-188,True
2026-10-02T16:57:16.105987+00:00,503,-190,True
2026-10-02T16:57:16.121679+00:00,504,-187,True
2026-10-02T16:57:16.121679+00:00,505,-179,True
2026-10-02T16:57:16.121679+00:00,506,-165,True
2026-10-02T16:57:16.121679+00:00,507,-147,True
2026-10-02T16:57:16.121679+00:00,508,-124,True
2026-10-02T16:57:16.121679+00:00,509,-97,True
2026-10-02T16:57:16.121679+00:00,510,-66,True
2026-10-02T16:57:16.121679+00:00,511,-34,True
2026-10-02T16:57:16.137230+00:00,512,0,True
2026-10-02T16:57:16.137230+00:00,513,34,True
2026-10-02T16:57:16.137230+00:00,514,66,True
2026-10-02T16:57:16.137230+00:00,515,97,True
2026-10-02T16:57:16.137230+00:00,516,124,True
2026-10-02T16:57:16.137230+00:00,517,147,True
2026-10-02T16:57:16.137230+00:00,518,165,True
2026-10-02T16:57:16.137230+00:00,519,179,True
2026-10-02T16:57:16.153281+00:00,520,187,True
2026-10-02T16:57:16.153281+00:00,521,190,True
2026-10-02T16:57:16.153281+00:00,522,188,True
2026-10-02T16:57:16.153281+00:00,523,183,True
2026-10-02T16:57:16.153281+00:00,524,174,True
2026-10-02T16:57:16.153281+00:00,525,163,True
2026-10-02T16:57:16.153281+00:00,526,151,True
2026-10-02T16:57:16.153281+00:00,527,138,True
2026-10-02T16:57:16.168897+00:00,528,124,True
2026-10-02T16:57:16.168897+00:00,529,111,True
2026-10-02T16:57:16.168897+00:00,530,100,True
2026-10-02T16:57:16.168897+00:00,531,89,True
2026-10-02T16:57:16.168897+00:00,532,79,True
2026-10-02T16:57:16.168897+00:00,533,70,True
2026-10-02T16:57:16.168897+00:00,534,61,True
2026-10-02T16:57:16.168897+00:00,535,53,True
2026-10-02T16:57:16.184979+00:00,536,43,True
2026-10-02T16:57:16.184979+00:00,537,33,True
2026-10-02T16:57:16.184979+00:00,538,21,True
2026-10-02T16:57:16.184979+00:00,539,7,True
2026-10-02T16:57:16.184979+00:00,540,-9,True
2026-10-02T16:57:16.184979+00:00,541,-27,True
2026-10-02T16:57:16.184979+00:00,542,-48,True
2026-10-02T16:57:16.184979+00:00,543,-71,True
2026-10-02T16:57:16.200783+00:00,544,-95,True
2026-10-02T16:57:16.200783+00:00,545,-119,True
2026-10-02T16:57:16.200783+00:00,546,-143,True
2026-10-02T16:57:16.200783+00:00,547,-165,True
2026-10-02T16:57:16.200783+00:00,548,-185,True
2026-10-02T16:57:16.200783+00:00,549,-201,True
2026-10-02T16:57:16.200783+00:00,550,-213,True
2026-10-02T16:57:16.200783+00:00,551,-219,True
2026-10-02T16:57:16.216355+00:00,552,-220,True
2026-10-02T16:57:16.216355+00:00,553,-215,True
2026-10-02T16:57:16.216355+00:00,554,-205,True
2026-10-02T16:57:16.216355+00:00,555,-188,True
2026-10-02T16:57:16.216355+00:00,556,-167,True
2026-10-02T16:57:16.216355+00:00,557,-142,True
2026-10-02T16:57:16.216355+00:00,558,-113,True
2026-10-02T16:57:16.216355+00:00,559,-83,True
2026-10-02T16:57:16.232260+00:00,560,-51,True
2026-10-02T16:57:16.232260+00:00,561,-20,True
2026-10-02T16:57:16.232260+00:00,562,9,True
2026-10-02T16:57:16.232260+00:00,563,37,True
2026-10-02T16:57:16.232260+00:00,564,62,True
2026-10-02T16:57:16.232260+00:00,565,83,True
2026-10-02T16:57:16.232260+00:00,566,101,True
2026-10-02T16:57:16.232260+00:00,567,115,True
2026-10-02T16:57:16.247784+00:00,568,125,True
2026-10-02T16:57:16.247784+00:00,569,131,True
2026-10-02T16:57:16.247784+00:00,570,135,True
2026-10-02T16:57:16.247784+00:00,571,137,True
2026-10-02T16:57:16.247784+00:00,572,137,True
2026-10-02T16:57:16.247784+00:00,573,136,True
2026-10-02T16:57:16.247784+00:00,574,136,True
2026-10-02T16:57:16.247784+00:00,575,135,True
2026-10-02T16:57:16.263400+00:00,576,135,True
2026-10-02T16:57:16.263400+00:00,577,135,True
2026-10-02T16:57:16.263400+00:00,578,136,True
2026-10-02T16:57:16.263400+00:00,579,136,True
2026-10-02T16:57:16.263400+00:00,580,137,True
2026-10-02T16:57:16.263400+00:00,581,137,True
2026-10-02T16:57:16.263400+00:00,582,135,True
2026-10-02T16:57:16.263400+00:00,583,131,True
2026-10-02T16:57:16.279643+00:00,584,125,True
2026-10-02T16:57:16.279643+00:00,585,115,True
2026-10-02T16:57:16.279643+00:00,586,101,True
2026-10-02T16:57:16.279643+00:00,587,83,True
2026-10-02T16:57:16.279643+00:00,588,62,True
2026-10-02T16:57:16.279643+00:00,589,37,True
2026-10-02T16:57:16.279643+00:00,590,9,True
2026-10-02T16:57:16.279643+00:00,591,-20,True
2026-10-02T16:57:16.294735+00:00,592,-51,True
2026-10-02T16:57:16.294735+00:00,593,-83,True
2026-10-02T16:57:16.294735+00:00,594,-113,True
2026-10-02T16:57:16.294735+00:00,595,-142,True
2026-10-02T16:57:16.294735+00:00,596,-167,True
2026-10-02T16:57:16.294735+00:00,597,-188,True
2026-10-02T16:57:16.294735+00:00,598,-205,True
2026-10-02T16:57:16.294735+00:00,599,-215,True
2026-10-02T16:57:16.309825+00:00,600,-220,True
2026-10-02T16:57:16.309825+00:00,601,-219,True
2026-10-02T16:57:16.309825+00:00,602,-213,True
2026-10-02T16:57:16.309825+00:00,603,-201,True
2026-10-02T16:57:16.309825+00:00,604,-185,True
2026-10-02T16:57:16.309825+00:00,605,-165,True
2026-10-02T16:57:16.309825+00:00,606,-143,True
2026-10-02T16:57:16.309825+00:00,607,-119,True
2026-10-02T16:57:16.325139+00:00,608,-95,True
2026-10-02T16:57:16.325139+00:00,609,-71,True
2026-10-02T16:57:16.325139+00:00,610,-48,True
2026-10-02T16:57:16.325139+00:00,611,-27,True
2026-10-02T16:57:16.325139+00:00,612,-9,True
2026-10-02T16:57:16.325139+00:00,613,7,True
2026-10-02T16:57:16.325139+00:00,614,21,True
2026-10-02T16:57:16.325139+00:00,615,33,True
2026-10-02T16:57:16.340425+00:00,616,43,True
2026-10-02T16:57:16.340425+00:00,617,53,True
2026-10-02T16:57:16.340425+00:00,618,61,True
2026-10-02T16:57:16.340425+00:00,619,70,True
2026-10-02T16:57:16.340425+00:00,620,79,True
2026-10-02T16:57:16.340425+00:00,621,89,True
2026-10-02T16:57:16.340425+00:00,622,100,True
2026-10-02T16:57:16.340425+00:00,623,111,True
2026-10-02T16:57:16.355688+00:00,624,124,True
2026-10-02T16:57:16.355688+00:00,625,138,True
2026-10-02T16:57:16.355688+00:00,626,151,True
2026-10-02T16:57:16.355688+00:00,627,163,True
2026-10-02T16:57:16.355688+00:00,628,174,True
2026-10-02T16:57:16.355688+00:00,629,183,True
2026-10-02T16:57:16.355688+00:00,630,188,True
2026-10-02T16:57:16.355688+00:00,631,190,True
2026-10-02T16:57:16.371070+00:00,632,187,True
2026-10-02T16:57:16.371070+00:00,633,179,True
2026-10-02T16:57:16.371070+00:00,634,165,True
2026-10-02T16:57:16.371070+00:00,635,147,True
2026-10-02T16:57:16.371070+00:00,636,124,True
2026-10-02T16:57:16.371070+00:00,637,97,True
2026-10-02T16:57:16.371070+00:00,638,66,True
2026-10-02T16:57:16.371070+00:00,639,34,True
2026-10-02T16:57:16.386689+00:00,640,0,True
2026-10-02T16:57:16.386689+00:00,641,-34,True
2026-10-02T16:57:16.386689+00:00,642,-66,True
2026-10-02T16:57:16.386689+00:00,643,-97,True
2026-10-02T16:57:16.386689+00:00,644,-124,True
2026-10-02T16:57:16.386689+00:00,645,-147,True
2026-10-02T16:57:16.386689+00:00,646,-165,True
2026-10-02T16:57:16.386689+00:00,647,-179,True
2026-10-02T16:57:16.401991+00:00,648,-187,True
2026-10-02T16:57:16.401991+00:00,649,-190,True
2026-10-02T16:57:16.401991+00:00,650,-188,True
2026-10-02T16:57:16.401991+00:00,651,-183,True
2026-10-02T16:57:16.401991+00:00,652,-174,True
2026-10-02T16:57:16.401991+00:00,653,-163,True
2026-10-02T16:57:16.401991+00:00,654,-151,True
2026-10-02T16:57:16.401991+00:00,655,-138,True
2026-10-02T16:57:16.418394+00:00,656,-124,True
2026-10-02T16:57:16.418394+00:00,657,-111,True
2026-10-02T16:57:16.418394+00:00,658,-100,True
2026-10-02T16:57:16.418394+00:00,659,-89,True
2026-10-02T16:57:16.418394+00:00,660,-79,True
2026-10-02T16:57:16.418394+00:00,661,-70,True
2026-10-02T16:57:16.418394+00:00,662,-61,True
2026-10-02T16:57:16.418394+00:00,663,-53,True
2026-10-02T16:57:16.433526+00:00,664,-43,True
2026-10-02T16:57:16.433526+00:00,665,-33,True
2026-10-02T16:57:16.433526+00:00,666,-21,True
2026-10-02T16:57:16.433526+00:00,667,-7,True
2026-10-02T16:57:16.433526+00:00,668,9,True
2026-10-02T16:57:16.433526+00:00,669,27,True
2026-10-02T16:57:16.433526+00:00,670,48,True
2026-10-02T16:57:16.433526+00:00,671,71,True
2026-10-02T16:57:16.449563+00:00,672,95,True
2026-10-02T16:57:16.449563+00:00,673,119,True
2026-10-02T16:57:16.449563+00:00,674,143,True
2026-10-02T16:57:16.449563+00:00,675,165,True
2026-10-02T16:57:16.449563+00:00,676,185,True
2026-10-02T16:57:16.449563+00:00,677,201,True
2026-10-02T16:57:16.449563+00:00,678,213,True
2026-10-02T16:57:16.449563+00:00,679,219,True
2026-10-02T16:57:16.465262+00:00,680,220,True
2026-10-02T16:57:16.465262+00:00,681,215,True
2026-10-02T16:57:16.465262+00:00,682,205,True
2026-10-02T16:57:16.465262+00:00,683,188,True
2026-10-02T16:57:16.465262+00:00,684,167,True
2026-10-02T16:57:16.465262+00:00,685,142,True
2026-10-02T16:57:16.465262+00:00,686,113,True
2026-10-02T16:57:16.465262+00:00,687,83,True
2026-10-02T16:57:16.480782+00:00,688,51,True
2026-10-02T16:57:16.480782+00:00,689,20,True
2026-10-02T16:57:16.480782+00:00,690,-9,True
2026-10-02T16:57:16.480782+00:00,691,-37,True
2026-10-02T16:57:16.480782+00:00,692,-62,True
2026-10-02T16:57:16.480782+00:00,693,-83,True
2026-10-02T16:57:16.480782+00:00,694,-101,True
2026-10-02T16:57:16.480782+00:00,695,-115,True
2026-10-02T16:57:16.496773+00:00,696,-125,True
2026-10-02T16:57:16.496773+00:00,697,-131,True
2026-10-02T16:57:16.496773+00:00,698,-135,True
2026-10-02T16:57:16.496773+00:00,699,-137,True
2026-10-02T16:57:16.496773+00:00,700,-137,True
2026-10-02T16:57:16.496773+00:00,701,-136,True
2026-10-02T16:57:16.496773+00:00,702,-136,True
2026-10-02T16:57:16.496773+00:00,703,-135,True
2026-10-02T16:57:16.512295+00:00,704,-135,True
2026-10-02T16:57:16.512295+00:00,705,-135,True
2026-10-02T16:57:16.512295+00:00,706,-136,True
2026-10-02T16:57:16.512295+00:00,707,-136,True
2026-10-02T16:57:16.512295+00:00,708,-137,True
2026-10-02T16:57:16.512295+00:00,709,-137,True
2026-10-02T16:57:16.512295+00:00,710,-135,True
2026-10-02T16:57:16.512295+00:00,711,-131,True
2026-10-02T16:57:16.529358+00:00,712,-125,True
2026-10-02T16:57:16.529358+00:00,713,-115,True
2026-10-02T16:57:16.529358+00:00,714,-101,True
2026-10-02T16:57:16.529358+00:00,715,-83,True
2026-10-02T16:57:16.529358+00:00,716,-62,True
2026-10-02T16:57:16.529358+00:00,717,-37,True
2026-10-02T16:57:16.529358+00:00,718,-9,True
2026-10-02T16:57:16.529358+00:00,719,20,True
2026-10-02T16:57:16.543834+00:00,720,51,True
2026-10-02T16:57:16.543834+00:00,721,83,True
2026-10-02T16:57:16.543834+00:00,722,113,True
2026-10-02T16:57:16.543834+00:00,723,142,True
2026-10-02T16:57:16.543834+00:00,724,167,True
2026-10-02T16:57:16.543834+00:00,725,188,True
2026-10-02T16:57:16.543834+00:00,726,205,True
2026-10-02T16:57:16.543834+00:00,727,215,True
2026-10-02T16:57:16.559361+00:00,728,220,True
2026-10-02T16:57:16.559361+00:00,729,219,True
2026-10-02T16:57:16.559361+00:00,730,213,True
2026-10-02T16:57:16.559361+00:00,731,201,True
2026-10-02T16:57:16.559361+00:00,732,185,True
2026-10-02T16:57:16.559361+00:00,733,165,True
2026-10-02T16:57:16.559361+00:00,734,143,True
2026-10-02T16:57:16.559361+00:00,735,119,True
2026-10-02T16:57:16.575069+00:00,736,95,True
2026-10-02T16:57:16.575069+00:00,737,71,True
2026-10-02T16:57:16.575069+00:00,738,48,True
2026-10-02T16:57:16.575069+00:00,739,27,True
2026-10-02T16:57:16.575069+00:00,740,9,True
2026-10-02T16:57:16.575069+00:00,741,-7,True
2026-10-02T16:57:16.575069+00:00,742,-21,True
2026-10-02T16:57:16.575069+00:00,743,-33,True
2026-10-02T16:57:16.590217+00:00,744,-43,True
2026-10-02T16:57:16.590217+00:00,745,-53,True
2026-10-02T16:57:16.590217+00:00,746,-61,True
2026-10-02T16:57:16.590217+00:00,747,-70,True
2026-10-02T16:57:16.590217+00:00,748,-79,True
2026-10-02T16:57:16.590217+00:00,749,-89,True
2026-10-02T16:57:16.590217+00:00,750,-100,True
2026-10-02T16:57:16.590217+00:00,751,-111,True
2026-10-02T16:57:16.604867+00:00,752,-124,True
2026-10-02T16:57:16.605906+00:00,753,-138,True
2026-10-02T16:57:16.605906+00:00,754,-151,True
2026-10-02T16:57:16.605906+00:00,755,-163,True
2026-10-02T16:57:16.605906+00:00,756,-174,True
2026-10-02T16:57:16.605906+00:00,757,-183,True
2026-10-02T16:57:16.605906+00:00,758,-188,True
2026-10-02T16:57:16.605906+00:00,759,-190,True
2026-10-02T16:57:16.620339+00:00,760,-187,True
2026-10-02T16:57:16.620339+00:00,761,-179,True
2026-10-02T16:57:16.620339+00:00,762,-165,True
2026-10-02T16:57:16.620339+00:00,763,-147,True
2026-10-02T16:57:16.620339+00:00,764,-124,True
2026-10-02T16:57:16.620339+00:00,765,-97,True
2026-10-02T16:57:16.620339+00:00,766,-66,True
2026-10-02T16:57:16.620339+00:00,767,-34,True
2026-10-02T16:57:16.635656+00:00,768,0,True
2026-10-02T16:57:16.635656+00:00,769,34,True
2026-10-02T16:57:16.635656+00:00,770,66,True
2026-10-02T16:57:16.635656+00:00,771,97,True
2026-10-02T16:57:16.635656+00:00,772,124,True
2026-10-02T16:57:16.635656+00:00,773,147,True
2026-10-02T16:57:16.635656+00:00,774,165,True
2026-10-02T16:57:16.635656+00:00,775,179,True
2026-10-02T16:57:16.650780+00:00,776,187,True
2026-10-02T16:57:16.650780+00:00,777,190,True
2026-10-02T16:57:16.650780+00:00,778,188,True
2026-10-02T16:57:16.650780+00:00,779,183,True
2026-10-02T16:57:16.650780+00:00,780,174,True
2026-10-02T16:57:16.650780+00:00,781,163,True
2026-10-02T16:57:16.650780+00:00,782,151,True
2026-10-02T16:57:16.650780+00:00,783,138,True
2026-10-02T16:57:16.666807+00:00,784,124,True
2026-10-02T16:57:16.666807+00:00,785,111,True
2026-10-02T16:57:16.666807+00:00,786,100,True
2026-10-02T16:57:16.666807+00:00,787,89,True
2026-10-02T16:57:16.666807+00:00,788,79,True
2026-10-02T16:57:16.666807+00:00,789,70,True
2026-10-02T16:57:16.666807+00:00,790,61,True
2026-10-02T16:57:16.666807+00:00,791,53,True
2026-10-02T16:57:16.681471+00:00,792,43,True
2026-10-02T16:57:16.681471+00:00,793,33,True
2026-10-02T16:57:16.681471+00:00,794,21,True
2026-10-02T16:57:16.681471+00:00,795,7,True
2026-10-02T16:57:16.681471+00:00,796,-9,True
2026-10-02T16:57:16.681471+00:00,797,-27,True
2026-10-02T16:57:16.681471+00:00,798,-48,True
2026-10-02T16:57:16.681471+00:00,799,-71,True
2026-10-02T16:57:16.696605+00:00,800,-95,True
2026-10-02T16:57:16.696605+00:00,801,-119,True
2026-10-02T16:57:16.696605+00:00,802,-143,True
2026-10-02T16:57:16.696605+00:00,803,-165,True
2026-10-02T16:57:16.696605+00:00,804,-185,True
2026-10-02T16:57:16.696605+00:00,805,-201,True
2026-10-02T16:57:16.696605+00:00,806,-213,True
2026-10-02T16:57:16.696605+00:00,807,-219,True
2026-10-02T16:57:16.712057+00:00,808,-220,True
2026-10-02T16:57:16.712057+00:00,809,-215,True
2026-10-02T16:57:16.712057+00:00,810,-205,True
2026-10-02T16:57:16.712057+00:00,811,-188,True
2026-10-02T16:57:16.712057+00:00,812,-167,True
2026-10-02T16:57:16.712057+00:00,813,-142,True
2026-10-02T16:57:16.712057+00:00,814,-113,True
2026-10-02T16:57:16.712057+00:00,815,-83,True
2026-10-02T16:57:16.727802+00:00,816,-51,True
2026-10-02T16:57:16.727802+00:00,817,-20,True
2026-10-02T16:57:16.727802+00:00,818,9,True
2026-10-02T16:57:16.727802+00:00,819,37,True
2026-10-02T16:57:16.727802+00:00,820,62,True
2026-10-02T16:57:16.727802+00:00,821,83,True
2026-10-02T16:57:16.727802+00:00,822,101,True
2026-10-02T16:57:16.727802+00:00,823,115,True
2026-10-02T16:57:16.743108+00:00,824,125,True
2026-10-02T16:57:16.744094+00:00,825,131,True
2026-10-02T16:57:16.744094+00:00,826,135,True
2026-10-02T16:57:16.744094+00:00,827,137,True
2026-10-02T16:57:16.744094+00:00,828,137,True
2026-10-02T16:57:16.744094+00:00,829,136,True
2026-10-02T16:57:16.744094+00:00,830,136,True
2026-10-02T16:57:16.744094+00:00,831,135,True
2026-10-02T16:57:16.758670+00:00,832,135,True
2026-10-02T16:57:16.758670+00:00,833,135,True
2026-10-02T16:57:16.758670+00:00,834,136,True
2026-10-02T16:57:16.758670+00:00,835,136,True
2026-10-02T16:57:16.758670+00:00,836,137,True
2026-10-02T16:57:16.758670+00:00,837,137,True
2026-10-02T16:57:16.758670+00:00,838,135,True
2026-10-02T16:57:16.758670+00:00,839,131,True
2026-10-02T16:57:16.788510+00:00,840,125,True
2026-10-02T16:57:16.788510+00:00,841,115,True
2026-10-02T16:57:16.788510+00:00,842,101,True
2026-10-02T16:57:16.788510+00:00,843,83,True
2026-10-02T16:57:16.788510+00:00,844,62,True
2026-10-02T16:57:16.788510+00:00,845,37,True
2026-10-02T16:57:16.788510+00:00,846,9,True
2026-10-02T16:57:16.788510+00:00,847,-20,True
2026-10-02T16:57:16.804410+00:00,848,-51,True
2026-10-02T16:57:16.804410+00:00,849,-83,True
2026-10-02T16:57:16.804410+00:00,850,-113,True
2026-10-02T16:57:16.804410+00:00,851,-142,True
2026-10-02T16:57:16.804410+00:00,852,-167,True
2026-10-02T16:57:16.804410+00:00,853,-188,True
2026-10-02T16:57:16.804410+00:00,854,-205,True
2026-10-02T16:57:16.804410+00:00,855,-215,True
2026-10-02T16:57:16.820013+00:00,856,-220,True
2026-10-02T16:57:16.820013+00:00,857,-219,True
2026-10-02T16:57:16.820013+00:00,858,-213,True
2026-10-02T16:57:16.820013+00:00,859,-201,True
2026-10-02T16:57:16.820013+00:00,860,-185,True
2026-10-02T16:57:16.820013+00:00,861,-165,True
2026-10-02T16:57:16.820013+00:00,862,-143,True
2026-10-02T16:57:16.820013+00:00,863,-119,True
2026-10-02T16:57:16.835130+00:00,864,-95,True
2026-10-02T16:57:16.835130+00:00,865,-71,True
2026-10-02T16:57:16.835130+00:00,866,-48,True
2026-10-02T16:57:16.835130+00:00,867,-27,True
2026-10-02T16:57:16.835130+00:00,868,-9,True
2026-10-02T16:57:16.835130+00:00,869,7,True
2026-10-02T16:57:16.835130+00:00,870,21,True
2026-10-02T16:57:16.835130+00:00,871,33,True
2026-10-02T16:57:16.849888+00:00,872,43,True
2026-10-02T16:57:16.849888+00:00,873,53,True
2026-10-02T16:57:16.849888+00:00,874,61,True
2026-10-02T16:57:16.849888+00:00,875,70,True
2026-10-02T16:57:16.849888+00:00,876,79,True
2026-10-02T16:57:16.849888+00:00,877,89,True
2026-10-02T16:57:16.849888+00:00,878,100,True
2026-10-02T16:57:16.849888+00:00,879,111,True
2026-10-02T16:57:16.862703+00:00,880,124,True
2026-10-02T16:57:16.862703+00:00,881,138,True
2026-10-02T16:57:16.862703+00:00,882,151,True
2026-10-02T16:57:16.862703+00:00,883,163,True
2026-10-02T16:57:16.862703+00:00,884,174,True
2026-10-02T16:57:16.862703+00:00,885,183,True
2026-10-02T16:57:16.862703+00:00,886,188,True
2026-10-02T16:57:16.862703+00:00,887,190,True
2026-10-02T16:57:16.878932+00:00,888,187,True
2026-10-02T16:57:16.878932+00:00,889,179,True
2026-10-02T16:57:16.878932+00:00,890,165,True
2026-10-02T16:57:16.878932+00:00,891,147,True
2026-10-02T16:57:16.878932+00:00,892,124,True
2026-10-02T16:57:16.878932+00:00,893,97,True
2026-10-02T16:57:16.878932+00:00,894,66,True
2026-10-02T16:57:16.878932+00:00,895,34,True
2026-10-02T16:57:16.894163+00:00,896,0,True
2026-10-02T16:57:16.894163+00:00,897,-34,True
2026-10-02T16:57:16.894163+00:00,898,-66,True
2026-10-02T16:57:16.894163+00:00,899,-97,True
2026-10-02T16:57:16.894163+00:00,900,-124,True
2026-10-02T16:57:16.894163+00:00,901,-147,True
2026-10-02T16:57:16.894163+00:00,902,-165,True
2026-10-02T16:57:16.894163+00:00,903,-179,True
2026-10-02T16:57:16.902620+00:00,904,-187,True
2026-10-02T16:57:16.902620+00:00,905,-190,True
2026-10-02T16:57:16.902620+00:00,906,-188,True
2026-10-02T16:57:16.902620+00:00,907,-183,True
2026-10-02T16:57:16.902620+00:00,908,-174,True
2026-10-02T16:57:16.902620+00:00,909,-163,True
2026-10-02T16:57:16.902620+00:00,910,-151,True
2026-10-02T16:57:16.902620+00:00,911,-138,True
2026-10-02T16:57:16.918025+00:00,912,-124,True
2026-10-02T16:57:16.918025+00:00,913,-111,True
2026-10-02T16:57:16.918025+00:00,914,-100,True
2026-10-02T16:57:16.918025+00:00,915,-89,True
2026-10-02T16:57:16.918025+00:00,916,-79,True
2026-10-02T16:57:16.918025+00:00,917,-70,True
2026-10-02T16:57:16.918025+00:00,918,-61,True
2026-10-02T16:57:16.918025+00:00,919,-53,True
2026-10-02T16:57:16.933243+00:00,920,-43,True
2026-10-02T16:57:16.933243+00:00,921,-33,True
2026-10-02T16:57:16.933243+00:00,922,-21,True
2026-10-02T16:57:16.933243+00:00,923,-7,True
2026-10-02T16:57:16.933243+00:00,924,9,True
2026-10-02T16:57:16.933243+00:00,925,27,True
2026-10-02T16:57:16.933243+00:00,926,48,True
2026-10-02T16:57:16.933243+00:00,927,71,True
2026-10-02T16:57:16.949263+00:00,928,95,True
2026-10-02T16:57:16.949263+00:00,929,119,True
2026-10-02T16:57:16.949263+00:00,930,143,True
2026-10-02T16:57:16.949263+00:00,931,165,True
2026-10-02T16:57:16.949263+00:00,932,185,True
2026-10-02T16:57:16.949263+00:00,933,201,True
2026-10-02T16:57:16.949263+00:00,934,213,True
2026-10-02T16:57:16.949263+00:00,935,219,True
2026-10-02T16:57:16.964711+00:00,936,220,True
2026-10-02T16:57:16.964711+00:00,937,215,True
2026-10-02T16:57:16.964711+00:00,938,205,True
2026-10-02T16:57:16.964711+00:00,939,188,True
2026-10-02T16:57:16.964711+00:00,940,167,True
2026-10-02T16:57:16.964711+00:00,941,142,True
2026-10-02T16:57:16.964711+00:00,942,113,True
2026-10-02T16:57:16.964711+00:00,943,83,True
2026-10-02T16:57:16.980012+00:00,944,51,True
2026-10-02T16:57:16.980012+00:00,945,20,True
2026-10-02T16:57:16.980012+00:00,946,-9,True
2026-10-02T16:57:16.980012+00:00,947,-37,True
2026-10-02T16:57:16.980012+00:00,948,-62,True
2026-10-02T16:57:16.980012+00:00,949,-83,True
2026-10-02T16:57:16.980012+00:00,950,-101,True
2026-10-02T16:57:16.980012+00:00,951,-115,True
2026-10-02T16:57:16.995281+00:00,952,-125,True
2026-10-02T16:57:16.995281+00:00,953,-131,True
2026-10-02T16:57:16.995281+00:00,954,-135,True
2026-10-02T16:57:16.995281+00:00,955,-137,True
2026-10-02T16:57:16.995281+00:00,956,-137,True
2026-10-02T16:57:16.995281+00:00,957,-136,True
2026-10-02T16:57:16.995281+00:00,958,-136,True
2026-10-02T16:57:16.995281+00:00,959,-135,True
2026-10-02T16:57:17.010282+00:00,960,-135,True
2026-10-02T16:57:17.010282+00:00,961,-135,True
2026-10-02T16:57:17.010282+00:00,962,-136,True
2026-10-02T16:57:17.010282+00:00,963,-136,True
2026-10-02T16:57:17.010282+00:00,964,-137,True
2026-10-02T16:57:17.010282+00:00,965,-137,True
2026-10-02T16:57:17.010282+00:00,966,-135,True
2026-10-02T16:57:17.010282+00:00,967,-131,True
2026-10-02T16:57:17.025642+00:00,968,-125,True
2026-10-02T16:57:17.025642+00:00,969,-115,True
2026-10-02T16:57:17.025642+00:00,970,-101,True
2026-10-02T16:57:17.025642+00:00,971,-83,True
2026-10-02T16:57:17.025642+00:00,972,-62,True
2026-10-02T16:57:17.025642+00:00,973,-37,True
2026-10-02T16:57:17.025642+00:00,974,-9,True
2026-10-02T16:57:17.025642+00:00,975,20,True
2026-10-02T16:57:17.041392+00:00,976,51,True
2026-10-02T16:57:17.041392+00:00,977,83,True
2026-10-02T16:57:17.041392+00:00,978,113,True
2026-10-02T16:57:17.041392+00:00,979,142,True
2026-10-02T16:57:17.041392+00:00,980,167,True
2026-10-02T16:57:17.041392+00:00,981,188,True
2026-10-02T16:57:17.041392+00:00,982,205,True
2026-10-02T16:57:17.041392+00:00,983,215,True
2026-10-02T16:57:17.056914+00:00,984,220,True
2026-10-02T16:57:17.056914+00:00,985,219,True
2026-10-02T16:57:17.056914+00:00,986,213,True
2026-10-02T16:57:17.056914+00:00,987,201,True
2026-10-02T16:57:17.056914+00:00,988,185,True
2026-10-02T16:57:17.056914+00:00,989,165,True
2026-10-02T16:57:17.056914+00:00,990,143,True
2026-10-02T16:57:17.056914+00:00,991,119,True
2026-10-02T16:57:17.072730+00:00,992,95,True
2026-10-02T16:57:17.072730+00:00,993,71,True
2026-10-02T16:57:17.072730+00:00,994,48,True
2026-10-02T16:57:17.072730+00:00,995,27,True
2026-10-02T16:57:17.072730+00:00,996,9,True
2026-10-02T16:57:17.072730+00:00,997,-7,True
2026-10-02T16:57:17.072730+00:00,998,-21,True
2026-10-02T16:57:17.072730+00:00,999,-33,True
2026-10-02T16:57:17.087939+00:00,1000,-43,True
2026-10-02T16:57:17.087939+00:00,1001,-53,True
2026-10-02T16:57:17.087939+00:00,1002,-61,True
2026-10-02T16:57:17.087939+00:00,1003,-70,True
2026-10-02T16:57:17.087939+00:00,1004,-79,True
2026-10-02T16:57:17.087939+00:00,1005,-89,True
2026-10-02T16:57:17.087939+00:00,1006,-100,True
2026-10-02T16:57:17.087939+00:00,1007,-111,True
2026-10-02T16:57:17.103099+00:00,1008,-124,True
2026-10-02T16:57:17.103099+00:00,1009,-138,True
2026-10-02T16:57:17.103099+00:00,1010,-151,True
2026-10-02T16:57:17.103099+00:00,1011,-163,True
2026-10-02T16:57:17.103099+00:00,1012,-174,True
2026-10-02T16:57:17.103099+00:00,1013,-183,True
2026-10-02T16:57:17.103099+00:00,1014,-188,True
2026-10-02T16:57:17.103099+00:00,1015,-190,True
2026-10-02T16:57:17.118692+00:00,1016,-187,True
2026-10-02T16:57:17.118692+00:00,1017,-179,True
2026-10-02T16:57:17.118692+00:00,1018,-165,True
2026-10-02T16:57:17.118692+00:00,1019,-147,True
2026-10-02T16:57:17.118692+00:00,1020,-124,True
2026-10-02T16:57:17.118692+00:00,1021,-97,True
2026-10-02T16:57:17.118692+00:00,1022,-66,True
2026-10-02T16:57:17.118692+00:00,1023,-34,True
2026-10-02T16:57:17.134596+00:00,1024,0,True
2026-10-02T16:57:17.134596+00:00,1025,34,True
2026-10-02T16:57:17.134596+00:00,1026,66,True
2026-10-02T16:57:17.134596+00:00,1027,97,True
2026-10-02T16:57:17.134596+00:00,1028,124,True
2026-10-02T16:57:17.134596+00:00,1029,147,True
2026-10-02T16:57:17.134596+00:00,1030,165,True
2026-10-02T16:57:17.134596+00:00,1031,179,True
2026-10-02T16:57:17.149878+00:00,1032,187,True
2026-10-02T16:57:17.149878+00:00,1033,190,True
2026-10-02T16:57:17.149878+00:00,1034,188,True
2026-10-02T16:57:17.149878+00:00,1035,183,True
2026-10-02T16:57:17.149878+00:00,1036,174,True
2026-10-02T16:57:17.149878+00:00,1037,163,True
2026-10-02T16:57:17.149878+00:00,1038,151,True
2026-10-02T16:57:17.149878+00:00,1039,138,True
2026-10-02T16:57:17.165008+00:00,1040,124,True
2026-10-02T16:57:17.165008+00:00,1041,111,True
2026-10-02T16:57:17.165008+00:00,1042,100,True
2026-10-02T16:57:17.165008+00:00,1043,89,True
2026-10-02T16:57:17.165008+00:00,1044,79,True
2026-10-02T16:57:17.165008+00:00,1045,70,True
2026-10-02T16:57:17.165008+00:00,1046,61,True
2026-10-02T16:57:17.165008+00:00,1047,53,True
2026-10-02T16:57:17.180458+00:00,1048,43,True
2026-10-02T16:57:17.180458+00:00,1049,33,True
2026-10-02T16:57:17.180458+00:00,1050,21,True
2026-10-02T16:57:17.180458+00:00,1051,7,True
2026-10-02T16:57:17.180458+00:00,1052,-9,True
2026-10-02T16:57:17.180458+00:00,1053,-27,True
2026-10-02T16:57:17.180458+00:00,1054,-48,True
2026-10-02T16:57:17.180458+00:00,1055,-71,True
2026-10-02T16:57:17.195638+00:00,1056,-95,True
2026-10-02T16:57:17.195638+00:00,1057,-119,True
2026-10-02T16:57:17.195638+00:00,1058,-143,True
2026-10-02T16:57:17.195638+00:00,1059,-165,True
2026-10-02T16:57:17.195638+00:00,1060,-185,True
2026-10-02T16:57:17.195638+00:00,1061,-201,True
2026-10-02T16:57:17.195638+00:00,1062,-213,True
2026-10-02T16:57:17.195638+00:00,1063,-219,True
2026-10-02T16:57:17.211585+00:00,1064,-220,True
2026-10-02T16:57:17.211585+00:00,1065,-215,True
2026-10-02T16:57:17.211585+00:00,1066,-205,True
2026-10-02T16:57:17.211585+00:00,1067,-188,True
2026-10-02T16:57:17.211585+00:00,1068,-167,True
2026-10-02T16:57:17.211585+00:00,1069,-142,True
2026-10-02T16:57:17.211585+00:00,1070,-113,True
2026-10-02T16:57:17.211585+00:00,1071,-83,True
2026-10-02T16:57:17.227310+00:00,1072,-51,True
2026-10-02T16:57:17.227310+00:00,1073,-20,True
2026-10-02T16:57:17.227310+00:00,1074,9,True
2026-10-02T16:57:17.227310+00:00,1075,37,True
2026-10-02T16:57:17.227310+00:00,1076,62,True
2026-10-02T16:57:17.227310+00:00,1077,83,True
2026-10-02T16:57:17.227310+00:00,1078,101,True
2026-10-02T16:57:17.227310+00:00,1079,115,True
2026-10-02T16:57:17.243208+00:00,1080,125,True
2026-10-02T16:57:17.243208+00:00,1081,131,True
2026-10-02T16:57:17.243208+00:00,1082,135,True
2026-10-02T16:57:17.243208+00:00,1083,137,True
2026-10-02T16:57:17.243208+00:00,1084,137,True
2026-10-02T16:57:17.243208+00:00,1085,136,True
2026-10-02T16:57:17.243208+00:00,1086,136,True
2026-10-02T16:57:17.243208+00:00,1087,135,True
2026-10-02T16:57:17.258116+00:00,1088,135,True
2026-10-02T16:57:17.258116+00:00,1089,135,True
2026-10-02T16:57:17.258116+00:00,1090,136,True
2026-10-02T16:57:17.258116+00:00,1091,136,True
2026-10-02T16:57:17.258116+00:00,1092,137,True
2026-10-02T16:57:17.258116+00:00,1093,137,True
2026-10-02T16:57:17.258116+00:00,1094,135,True
2026-10-02T16:57:17.258116+00:00,1095,131,True
2026-10-02T16:57:17.288915+00:00,1096,125,True
2026-10-02T16:57:17.288915+00:00,1097,115,True
2026-10-02T16:57:17.288915+00:00,1098,101,True
2026-10-02T16:57:17.288915+00:00,1099,83,True
2026-10-02T16:57:17.288915+00:00,1100,62,True
2026-10-02T16:57:17.288915+00:00,1101,37,True
2026-10-02T16:57:17.288915+00:00,1102,9,True
2026-10-02T16:57:17.288915+00:00,1103,-20,True
2026-10-02T16:57:17.304604+00:00,1104,-51,True
2026-10-02T16:57:17.304604+00:00,1105,-83,True
2026-10-02T16:57:17.304604+00:00,1106,-113,True
2026-10-02T16:57:17.304604+00:00,1107,-142,True
2026-10-02T16:57:17.304604+00:00,1108,-167,True
2026-10-02T16:57:17.304604+00:00,1109,-188,True
2026-10-02T16:57:17.304604+00:00,1110,-205,True
2026-10-02T16:57:17.304604+00:00,1111,-215,True
2026-10-02T16:57:17.320031+00:00,1112,-220,True
2026-10-02T16:57:17.320031+00:00,1113,-219,True
2026-10-02T16:57:17.320031+00:00,1114,-213,True
2026-10-02T16:57:17.320031+00:00,1115,-201,True
2026-10-02T16:57:17.320031+00:00,1116,-185,True
2026-10-02T16:57:17.320031+00:00,1117,-165,True
2026-10-02T16:57:17.320031+00:00,1118,-143,True
2026-10-02T16:57:17.320031+00:00,1119,-119,True
2026-10-02T16:57:17.335856+00:00,1120,-95,True
2026-10-02T16:57:17.335856+00:00,1121,-71,True
2026-10-02T16:57:17.335856+00:00,1122,-48,True
2026-10-02T16:57:17.335856+00:00,1123,-27,True
2026-10-02T16:57:17.335856+00:00,1124,-9,True
2026-10-02T16:57:17.335856+00:00,1125,7,True
2026-10-02T16:57:17.335856+00:00,1126,21,True
2026-10-02T16:57:17.335856+00:00,1127,33,True
2026-10-02T16:57:17.350864+00:00,1128,43,True
2026-10-02T16:57:17.350864+00:00,1129,53,True
2026-10-02T16:57:17.350864+00:00,1130,61,True
2026-10-02T16:57:17.350864+00:00,1131,70,True
2026-10-02T16:57:17.350864+00:00,1132,79,True
2026-10-02T16:57:17.350864+00:00,1133,89,True
2026-10-02T16:57:17.350864+00:00,1134,100,True
2026-10-02T16:57:17.350864+00:00,1135,111,True
2026-10-02T16:57:17.365677+00:00,1136,124,True
2026-10-02T16:57:17.365677+00:00,1137,138,True
2026-10-02T16:57:17.365677+00:00,1138,151,True
2026-10-02T16:57:17.365677+00:00,1139,163,True
2026-10-02T16:57:17.365677+00:00,1140,174,True
2026-10-02T16:57:17.365677+00:00,1141,183,True
2026-10-02T16:57:17.365677+00:00,1142,188,True
2026-10-02T16:57:17.365677+00:00,1143,190,True
2026-10-02T16:57:17.381501+00:00,1144,187,True
2026-10-02T16:57:17.381501+00:00,1145,179,True
2026-10-02T16:57:17.381501+00:00,1146,165,True
2026-10-02T16:57:17.381501+00:00,1147,147,True
2026-10-02T16:57:17.381501+00:00,1148,124,True
2026-10-02T16:57:17.381501+00:00,1149,97,True
2026-10-02T16:57:17.381501+00:00,1150,66,True
2026-10-02T16:57:17.381501+00:00,1151,34,True
2026-10-02T16:57:17.397304+00:00,1152,0,True
2026-10-02T16:57:17.397304+00:00,1153,-34,True
2026-10-02T16:57:17.397304+00:00,1154,-66,True
2026-10-02T16:57:17.397304+00:00,1155,-97,True
2026-10-02T16:57:17.397304+00:00,1156,-124,True
2026-10-02T16:57:17.397304+00:00,1157,-147,True
2026-10-02T16:57:17.397304+00:00,1158,-165,True
2026-10-02T16:57:17.397304+00:00,1159,-179,True
2026-10-02T16:57:17.412845+00:00,1160,-187,True
2026-10-02T16:57:17.412845+00:00,1161,-190,True
2026-10-02T16:57:17.412845+00:00,1162,-188,True
2026-10-02T16:57:17.412845+00:00,1163,-183,True
2026-10-02T16:57:17.412845+00:00,1164,-174,True
2026-10-02T16:57:17.412845+00:00,1165,-163,True
2026-10-02T16:57:17.412845+00:00,1166,-151,True
2026-10-02T16:57:17.412845+00:00,1167,-138,True
2026-10-02T16:57:17.427909+00:00,1168,-124,True
2026-10-02T16:57:17.427909+00:00,1169,-111,True
2026-10-02T16:57:17.427909+00:00,1170,-100,True
2026-10-02T16:57:17.427909+00:00,1171,-89,True
2026-10-02T16:57:17.427909+00:00,1172,-79,True
2026-10-02T16:57:17.427909+00:00,1173,-70,True
2026-10-02T16:57:17.427909+00:00,1174,-61,True
2026-10-02T16:57:17.427909+00:00,1175,-53,True
2026-10-02T16:57:17.442909+00:00,1176,-43,True
2026-10-02T16:57:17.442909+00:00,1177,-33,True
2026-10-02T16:57:17.442909+00:00,1178,-21,True
2026-10-02T16:57:17.442909+00:00,1179,-7,True
2026-10-02T16:57:17.442909+00:00,1180,9,True
2026-10-02T16:57:17.442909+00:00,1181,27,True
2026-10-02T16:57:17.442909+00:00,1182,48,True
2026-10-02T16:57:17.442909+00:00,1183,71,True
2026-10-02T16:57:17.458352+00:00,1184,95,True
2026-10-02T16:57:17.458352+00:00,1185,119,True
2026-10-02T16:57:17.458352+00:00,1186,143,True
2026-10-02T16:57:17.458352+00:00,1187,165,True
2026-10-02T16:57:17.458352+00:00,1188,185,True
2026-10-02T16:57:17.458352+00:00,1189,201,True
2026-10-02T16:57:17.458352+00:00,1190,213,True
2026-10-02T16:57:17.458352+00:00,1191,219,True
2026-10-02T16:57:17.474423+00:00,1192,220,True
2026-10-02T16:57:17.474423+00:00,1193,215,True
2026-10-02T16:57:17.474423+00:00,1194,205,True
2026-10-02T16:57:17.474423+00:00,1195,188,True
2026-10-02T16:57:17.474423+00:00,1196,167,True
2026-10-02T16:57:17.474423+00:00,1197,142,True
2026-10-02T16:57:17.474423+00:00,1198,113,True
2026-10-02T16:57:17.474423+00:00,1199,83,True
2026-10-02T16:57:17.490523+00:00,1200,51,True
2026-10-02T16:57:17.490523+00:00,1201,20,True
2026-10-02T16:57:17.490523+00:00,1202,-9,True
2026-10-02T16:57:17.490523+00:00,1203,-37,True
2026-10-02T16:57:17.490523+00:00,1204,-62,True
2026-10-02T16:57:17.490523+00:00,1205,-83,True
2026-10-02T16:57:17.490523+00:00,1206,-101,True
2026-10-02T16:57:17.490523+00:00,1207,-115,True
2026-10-02T16:57:17.506032+00:00,1208,-125,True
2026-10-02T16:57:17.506032+00:00,1209,-131,True
2026-10-02T16:57:17.506032+00:00,1210,-135,True
2026-10-02T16:57:17.506032+00:00,1211,-137,True
2026-10-02T16:57:17.506032+00:00,1212,-137,True
2026-10-02T16:57:17.506032+00:00,1213,-136,True
2026-10-02T16:57:17.506032+00:00,1214,-136,True
2026-10-02T16:57:17.506032+00:00,1215,-135,True
2026-10-02T16:57:17.521971+00:00,1216,-135,True
2026-10-02T16:57:17.521971+00:00,1217,-135,True
2026-10-02T16:57:17.521971+00:00,1218,-136,True
2026-10-02T16:57:17.521971+00:00,1219,-136,True
2026-10-02T16:57:17.521971+00:00,1220,-137,True
2026-10-02T16:57:17.521971+00:00,1221,-137,True
2026-10-02T16:57:17.521971+00:00,1222,-135,True
2026-10-02T16:57:17.521971+00:00,1223,-131,True
2026-10-02T16:57:17.536844+00:00,1224,-125,True
2026-10-02T16:57:17.536844+00:00,1225,-115,True
2026-10-02T16:57:17.536844+00:00,1226,-101,True
2026-10-02T16:57:17.536844+00:00,1227,-83,True
2026-10-02T16:57:17.536844+00:00,1228,-62,True
2026-10-02T16:57:17.536844+00:00,1229,-37,True
2026-10-02T16:57:17.536844+00:00,1230,-9,True
2026-10-02T16:57:17.536844+00:00,1231,20,True
2026-10-02T16:57:17.552437+00:00,1232,51,True
2026-10-02T16:57:17.552437+00:00,1233,83,True
2026-10-02T16:57:17.552437+00:00,1234,113,True
2026-10-02T16:57:17.552437+00:00,1235,142,True
2026-10-02T16:57:17.552437+00:00,1236,167,True
2026-10-02T16:57:17.552437+00:00,1237,188,True
2026-10-02T16:57:17.552437+00:00,1238,205,True
2026-10-02T16:57:17.552437+00:00,1239,215,True
2026-10-02T16:57:17.568184+00:00,1240,220,True
2026-10-02T16:57:17.568184+00:00,1241,219,True
2026-10-02T16:57:17.568184+00:00,1242,213,True
2026-10-02T16:57:17.568184+00:00,1243,201,True
2026-10-02T16:57:17.568184+00:00,1244,185,True
2026-10-02T16:57:17.568184+00:00,1245,165,True
2026-10-02T16:57:17.568184+00:00,1246,143,True
2026-10-02T16:57:17.568184+00:00,1247,119,True
2026-10-02T16:57:17.584182+00:00,1248,95,True
2026-10-02T16:57:17.584182+00:00,1249,71,True
2026-10-02T16:57:17.584182+00:00,1250,48,True
2026-10-02T16:57:17.584182+00:00,1251,27,True
2026-10-02T16:57:17.584182+00:00,1252,9,True
2026-10-02T16:57:17.584182+00:00,1253,-7,True
2026-10-02T16:57:17.584182+00:00,1254,-21,True
2026-10-02T16:57:17.584182+00:00,1255,-33,True
2026-10-02T16:57:17.600183+00:00,1256,-43,True
2026-10-02T16:57:17.600183+00:00,1257,-53,True
2026-10-02T16:57:17.600183+00:00,1258,-61,True
2026-10-02T16:57:17.600183+00:00,1259,-70,True
2026-10-02T16:57:17.600183+00:00,1260,-79,True
2026-10-02T16:57:17.600183+00:00,1261,-89,True
2026-10-02T16:57:17.600183+00:00,1262,-100,True
2026-10-02T16:57:17.600183+00:00,1263,-111,True
2026-10-02T16:57:17.615614+00:00,1264,-124,True
2026-10-02T16:57:17.615614+00:00,1265,-138,True
2026-10-02T16:57:17.615614+00:00,1266,-151,True
2026-10-02T16:57:17.615614+00:00,1267,-163,True
2026-10-02T16:57:17.615614+00:00,1268,-174,True
2026-10-02T16:57:17.615614+00:00,1269,-183,True
2026-10-02T16:57:17.615614+00:00,1270,-188,True
2026-10-02T16:57:17.615614+00:00,1271,-190,True
2026-10-02T16:57:17.630621+00:00,1272,-187,True
2026-10-02T16:57:17.630621+00:00,1273,-179,True
2026-10-02T16:57:17.630621+00:00,1274,-165,True
2026-10-02T16:57:17.630621+00:00,1275,-147,True
2026-10-02T16:57:17.630621+00:00,1276,-124,True
2026-10-02T16:57:17.630621+00:00,1277,-97,True
2026-10-02T16:57:17.630621+00:00,1278,-66,True
2026-10-02T16:57:17.630621+00:00,1279,-34,True
2026-10-02T16:57:17.645650+00:00,1280,0,True
2026-10-02T16:57:17.645650+00:00,1281,34,True
2026-10-02T16:57:17.645650+00:00,1282,66,True
2026-10-02T16:57:17.645650+00:00,1283,97,True
2026-10-02T16:57:17.645650+00:00,1284,124,True
2026-10-02T16:57:17.645650+00:00,1285,147,True
2026-10-02T16:57:17.645650+00:00,1286,165,True
2026-10-02T16:57:17.645650+00:00,1287,179,True
2026-10-02T16:57:17.660660+00:00,1288,187,True
2026-10-02T16:57:17.660660+00:00,1289,190,True
2026-10-02T16:57:17.660660+00:00,1290,188,True
2026-10-02T16:57:17.660660+00:00,1291,183,True
2026-10-02T16:57:17.660660+00:00,1292,174,True
2026-10-02T16:57:17.660660+00:00,1293,163,True
2026-10-02T16:57:17.660660+00:00,1294,151,True
2026-10-02T16:57:17.660660+00:00,1295,138,True
2026-10-02T16:57:17.675904+00:00,1296,124,True
2026-10-02T16:57:17.675904+00:00,1297,111,True
2026-10-02T16:57:17.675904+00:00,1298,100,True
2026-10-02T16:57:17.675904+00:00,1299,89,True
2026-10-02T16:57:17.675904+00:00,1300,79,True
2026-10-02T16:57:17.675904+00:00,1301,70,True
2026-10-02T16:57:17.675904+00:00,1302,61,True
2026-10-02T16:57:17.675904+00:00,1303,53,True
2026-10-02T16:57:17.691263+00:00,1304,43,True
2026-10-02T16:57:17.691263+00:00,1305,33,True
2026-10-02T16:57:17.691263+00:00,1306,21,True
2026-10-02T16:57:17.691263+00:00,1307,7,True
2026-10-02T16:57:17.691263+00:00,1308,-9,True
2026-10-02T16:57:17.691263+00:00,1309,-27,True
2026-10-02T16:57:17.691263+00:00,1310,-48,True
2026-10-02T16:57:17.691263+00:00,1311,-71,True
2026-10-02T16:57:17.706488+00:00,1312,-95,True
2026-10-02T16:57:17.706488+00:00,1313,-119,True
2026-10-02T16:57:17.706488+00:00,1314,-143,True
2026-10-02T16:57:17.706488+00:00,1315,-165,True
2026-10-02T16:57:17.706488+00:00,1316,-185,True
2026-10-02T16:57:17.706488+00:00,1317,-201,True
2026-10-02T16:57:17.706488+00:00,1318,-213,True
2026-10-02T16:57:17.706488+00:00,1319,-219,True
2026-10-02T16:57:17.722027+00:00,1320,-220,True
2026-10-02T16:57:17.722027+00:00,1321,-215,True
2026-10-02T16:57:17.722027+00:00,1322,-205,True
2026-10-02T16:57:17.722027+00:00,1323,-188,True
2026-10-02T16:57:17.722027+00:00,1324,-167,True
2026-10-02T16:57:17.722027+00:00,1325,-142,True
2026-10-02T16:57:17.722027+00:00,1326,-113,True
2026-10-02T16:57:17.722027+00:00,1327,-83,True
2026-10-02T16:57:17.737441+00:00,1328,-51,True
2026-10-02T16:57:17.737441+00:00,1329,-20,True
2026-10-02T16:57:17.737441+00:00,1330,9,True
2026-10-02T16:57:17.737441+00:00,1331,37,True
2026-10-02T16:57:17.737441+00:00,1332,62,True
2026-10-02T16:57:17.737441+00:00,1333,83,True
2026-10-02T16:57:17.737441+00:00,1334,101,True
2026-10-02T16:57:17.737441+00:00,1335,115,True
2026-10-02T16:57:17.753423+00:00,1336,125,True
2026-10-02T16:57:17.753423+00:00,1337,131,True
2026-10-02T16:57:17.753423+00:00,1338,135,True
2026-10-02T16:57:17.753423+00:00,1339,137,True
2026-10-02T16:57:17.753423+00:00,1340,137,True
2026-10-02T16:57:17.753423+00:00,1341,136,True
2026-10-02T16:57:17.753423+00:00,1342,136,True
2026-10-02T16:57:17.753423+00:00,1343,135,True
2026-10-02T16:57:17.768384+00:00,1344,135,True
2026-10-02T16:57:17.768384+00:00,1345,135,True
2026-10-02T16:57:17.768384+00:00,1346,136,True
2026-10-02T16:57:17.768384+00:00,1347,136,True
2026-10-02T16:57:17.768384+00:00,1348,137,True
2026-10-02T16:57:17.768384+00:00,1349,137,True
2026-10-02T16:57:17.768384+00:00,1350,135,True
2026-10-02T16:57:17.768384+00:00,1351,131,True
2026-10-02T16:57:17.784025+00:00,1352,125,True
2026-10-02T16:57:17.784025+00:00,1353,115,True
2026-10-02T16:57:17.784025+00:00,1354,101,True
2026-10-02T16:57:17.784025+00:00,1355,83,True
2026-10-02T16:57:17.784025+00:00,1356,62,True
2026-10-02T16:57:17.784025+00:00,1357,37,True
2026-10-02T16:57:17.784025+00:00,1358,9,True
2026-10-02T16:57:17.784025+00:00,1359,-20,True
2026-10-02T16:57:17.799353+00:00,1360,-51,True
2026-10-02T16:57:17.799353+00:00,1361,-83,True
2026-10-02T16:57:17.799353+00:00,1362,-113,True
2026-10-02T16:57:17.799353+00:00,1363,-142,True
2026-10-02T16:57:17.799353+00:00,1364,-167,True
2026-10-02T16:57:17.799353+00:00,1365,-188,True
2026-10-02T16:57:17.799353+00:00,1366,-205,True
2026-10-02T16:57:17.799353+00:00,1367,-215,True
2026-10-02T16:57:17.814604+00:00,1368,-220,True
2026-10-02T16:57:17.814604+00:00,1369,-219,True
2026-10-02T16:57:17.814604+00:00,1370,-213,True
2026-10-02T16:57:17.814604+00:00,1371,-201,True
2026-10-02T16:57:17.814604+00:00,1372,-185,True
2026-10-02T16:57:17.814604+00:00,1373,-165,True
2026-10-02T16:57:17.814604+00:00,1374,-143,True
2026-10-02T16:57:17.814604+00:00,1375,-119,True
2026-10-02T16:57:17.830469+00:00,1376,-95,True
2026-10-02T16:57:17.830469+00:00,1377,-71,True
2026-10-02T16:57:17.830469+00:00,1378,-48,True
2026-10-02T16:57:17.830469+00:00,1379,-27,True
2026-10-02T16:57:17.830469+00:00,1380,-9,True
2026-10-02T16:57:17.830469+00:00,1381,7,True
2026-10-02T16:57:17.830469+00:00,1382,21,True
2026-10-02T16:57:17.830469+00:00,1383,33,True
2026-10-02T16:57:17.845710+00:00,1384,43,True
2026-10-02T16:57:17.845710+00:00,1385,53,True
2026-10-02T16:57:17.845710+00:00,1386,61,True
2026-10-02T16:57:17.845710+00:00,1387,70,True
2026-10-02T16:57:17.845710+00:00,1388,79,True
2026-10-02T16:57:17.845710+00:00,1389,89,True
2026-10-02T16:57:17.845710+00:00,1390,100,True
2026-10-02T16:57:17.845710+00:00,1391,111,True
2026-10-02T16:57:17.861676+00:00,1392,124,True
2026-10-02T16:57:17.861676+00:00,1393,138,True
2026-10-02T16:57:17.861676+00:00,1394,151,True
2026-10-02T16:57:17.861676+00:00,1395,163,True
2026-10-02T16:57:17.861676+00:00,1396,174,True
2026-10-02T16:57:17.861676+00:00,1397,183,True
2026-10-02T16:57:17.861676+00:00,1398,188,True
2026-10-02T16:57:17.861676+00:00,1399,190,True
2026-10-02T16:57:17.877744+00:00,1400,187,True
2026-10-02T16:57:17.877744+00:00,1401,179,True
2026-10-02T16:57:17.877744+00:00,1402,165,True
2026-10-02T16:57:17.877744+00:00,1403,147,True
2026-10-02T16:57:17.877744+00:00,1404,124,True
2026-10-02T16:57:17.877744+00:00,1405,97,True
2026-10-02T16:57:17.877744+00:00,1406,66,True
2026-10-02T16:57:17.877744+00:00,1407,34,True
2026-10-02T16:57:17.893381+00:00,1408,0,True
2026-10-02T16:57:17.893381+00:00,1409,-34,True
2026-10-02T16:57:17.893381+00:00,1410,-66,True
2026-10-02T16:57:17.893381+00:00,1411,-97,True
2026-10-02T16:57:17.893381+00:00,1412,-124,True
2026-10-02T16:57:17.893381+00:00,1413,-147,True
2026-10-02T16:57:17.893381+00:00,1414,-165,True
2026-10-02T16:57:17.893381+00:00,1415,-179,True
2026-10-02T16:57:17.909119+00:00,1416,-187,True
2026-10-02T16:57:17.909119+00:00,1417,-190,True
2026-10-02T16:57:17.909119+00:00,1418,-188,True
2026-10-02T16:57:17.909119+00:00,1419,-183,True
2026-10-02T16:57:17.909119+00:00,1420,-174,True
2026-10-02T16:57:17.909119+00:00,1421,-163,True
2026-10-02T16:57:17.909119+00:00,1422,-151,True
2026-10-02T16:57:17.909119+00:00,1423,-138,True
2026-10-02T16:57:17.925195+00:00,1424,-124,True
2026-10-02T16:57:17.925195+00:00,1425,-111,True
2026-10-02T16:57:17.925195+00:00,1426,-100,True
2026-10-02T16:57:17.925195+00:00,1427,-89,True
2026-10-02T16:57:17.925195+00:00,1428,-79,True
2026-10-02T16:57:17.925195+00:00,1429,-70,True
2026-10-02T16:57:17.925195+00:00,1430,-61,True
2026-10-02T16:57:17.925195+00:00,1431,-53,True
2026-10-02T16:57:17.940518+00:00,1432,-43,True
2026-10-02T16:57:17.940518+00:00,1433,-33,True
2026-10-02T16:57:17.940518+00:00,1434,-21,True
2026-10-02T16:57:17.940518+00:00,1435,-7,True
2026-10-02T16:57:17.940518+00:00,1436,9,True
2026-10-02T16:57:17.940518+00:00,1437,27,True
2026-10-02T16:57:17.940518+00:00,1438,48,True
2026-10-02T16:57:17.940518+00:00,1439,71,True
2026-10-02T16:57:17.955929+00:00,1440,95,True
2026-10-02T16:57:17.955929+00:00,1441,119,True
2026-10-02T16:57:17.955929+00:00,1442,143,True
2026-10-02T16:57:17.955929+00:00,1443,165,True
2026-10-02T16:57:17.955929+00:00,1444,185,True
2026-10-02T16:57:17.955929+00:00,1445,201,True
2026-10-02T16:57:17.955929+00:00,1446,213,True
2026-10-02T16:57:17.955929+00:00,1447,219,True
2026-10-02T16:57:17.971576+00:00,1448,220,True
2026-10-02T16:57:17.971576+00:00,1449,215,True
2026-10-02T16:57:17.971576+00:00,1450,205,True
2026-10-02T16:57:17.971576+00:00,1451,188,True
2026-10-02T16:57:17.971576+00:00,1452,167,True
2026-10-02T16:57:17.971576+00:00,1453,142,True
2026-10-02T16:57:17.971576+00:00,1454,113,True
2026-10-02T16:57:17.971576+00:00,1455,83,True
2026-10-02T16:57:17.987487+00:00,1456,51,True
2026-10-02T16:57:17.987487+00:00,1457,20,True
2026-10-02T16:57:17.987487+00:00,1458,-9,True
2026-10-02T16:57:17.987487+00:00,1459,-37,True
2026-10-02T16:57:17.987487+00:00,1460,-62,True
2026-10-02T16:57:17.987487+00:00,1461,-83,True
2026-10-02T16:57:17.987487+00:00,1462,-101,True
2026-10-02T16:57:17.987487+00:00,1463,-115,True
2026-10-02T16:57:18.002951+00:00,1464,-125,True
2026-10-02T16:57:18.002951+00:00,1465,-131,True
2026-10-02T16:57:18.002951+00:00,1466,-135,True
2026-10-02T16:57:18.002951+00:00,1467,-137,True
2026-10-02T16:57:18.002951+00:00,1468,-137,True
2026-10-02T16:57:18.002951+00:00,1469,-136,True
2026-10-02T16:57:18.002951+00:00,1470,-136,True
2026-10-02T16:57:18.002951+00:00,1471,-135,True
2026-10-02T16:57:18.018249+00:00,1472,-135,True
2026-10-02T16:57:18.018249+00:00,1473,-135,True
2026-10-02T16:57:18.018249+00:00,1474,-136,True
2026-10-02T16:57:18.018249+00:00,1475,-136,True
2026-10-02T16:57:18.018249+00:00,1476,-137,True
2026-10-02T16:57:18.018249+00:00,1477,-137,True
2026-10-02T16:57:18.018249+00:00,1478,-135,True
2026-10-02T16:57:18.018249+00:00,1479,-131,True
2026-10-02T16:57:18.034203+00:00,1480,-125,True
2026-10-02T16:57:18.034203+00:00,1481,-115,True
2026-10-02T16:57:18.034203+00:00,1482,-101,True
2026-10-02T16:57:18.034203+00:00,1483,-83,True
2026-10-02T16:57:18.034203+00:00,1484,-62,True
2026-10-02T16:57:18.034203+00:00,1485,-37,True
2026-10-02T16:57:18.034203+00:00,1486,-9,True
2026-10-02T16:57:18.034203+00:00,1487,20,True
2026-10-02T16:57:18.049334+00:00,1488,51,True
2026-10-02T16:57:18.049334+00:00,1489,83,True
2026-10-02T16:57:18.049334+00:00,1490,113,True
2026-10-02T16:57:18.049334+00:00,1491,142,True
2026-10-02T16:57:18.049334+00:00,1492,167,True
2026-10-02T16:57:18.049334+00:00,1493,188,True
2026-10-02T16:57:18.049334+00:00,1494,205,True
2026-10-02T16:57:18.049334+00:00,1495,215,True
2026-10-02T16:57:18.064009+00:00,1496,220,True
2026-10-02T16:57:18.064009+00:00,1497,219,True
2026-10-02T16:57:18.064009+00:00,1498,213,True
2026-10-02T16:57:18.064009+00:00,1499,201,True
2026-10-02T16:57:18.064009+00:00,1500,185,True
2026-10-02T16:57:18.064009+00:00,1501,165,True
2026-10-02T16:57:18.064009+00:00,1502,143,True
2026-10-02T16:57:18.064009+00:00,1503,119,True
2026-10-02T16:57:18.079891+00:00,1504,95,True
2026-10-02T16:57:18.079891+00:00,1505,71,True
2026-10-02T16:57:18.079891+00:00,1506,48,True
2026-10-02T16:57:18.079891+00:00,1507,27,True
2026-10-02T16:57:18.079891+00:00,1508,9,True
2026-10-02T16:57:18.079891+00:00,1509,-7,True
2026-10-02T16:57:18.079891+00:00,1510,-21,True
2026-10-02T16:57:18.079891+00:00,1511,-33,True
2026-10-02T16:57:18.094590+00:00,1512,-43,True
2026-10-02T16:57:18.094590+00:00,1513,-53,True
2026-10-02T16:57:18.094590+00:00,1514,-61,True
2026-10-02T16:57:18.094590+00:00,1515,-70,True
2026-10-02T16:57:18.094590+00:00,1516,-79,True
2026-10-02T16:57:18.094590+00:00,1517,-89,True
2026-10-02T16:57:18.094590+00:00,1518,-100,True
2026-10-02T16:57:18.094590+00:00,1519,-111,True
2026-10-02T16:57:18.110149+00:00,1520,-124,True
2026-10-02T16:57:18.110149+00:00,1521,-138,True
2026-10-02T16:57:18.110149+00:00,1522,-151,True
2026-10-02T16:57:18.110149+00:00,1523,-163,True
2026-10-02T16:57:18.110149+00:00,1524,-174,True
2026-10-02T16:57:18.110149+00:00,1525,-183,True
2026-10-02T16:57:18.110149+00:00,1526,-188,True
2026-10-02T16:57:18.110149+00:00,1527,-190,True
2026-10-02T16:57:18.126065+00:00,1528,-187,True
2026-10-02T16:57:18.126065+00:00,1529,-179,True
2026-10-02T16:57:18.126065+00:00,1530,-165,True
2026-10-02T16:57:18.126065+00:00,1531,-147,True
2026-10-02T16:57:18.126065+00:00,1532,-124,True
2026-10-02T16:57:18.126065+00:00,1533,-97,True
2026-10-02T16:57:18.126065+00:00,1534,-66,True
2026-10-02T16:57:18.126065+00:00,1535,-34,True
2026-10-02T16:57:18.140987+00:00,1536,0,True
2026-10-02T16:57:18.140987+00:00,1537,34,True
2026-10-02T16:57:18.140987+00:00,1538,66,True
2026-10-02T16:57:18.140987+00:00,1539,97,True
2026-10-02T16:57:18.140987+00:00,1540,124,True
2026-10-02T16:57:18.140987+00:00,1541,147,True
2026-10-02T16:57:18.140987+00:00,1542,165,True
2026-10-02T16:57:18.140987+00:00,1543,179,True
2026-10-02T16:57:18.156504+00:00,1544,187,True
2026-10-02T16:57:18.156504+00:00,1545,190,True
2026-10-02T16:57:18.156504+00:00,1546,188,True
2026-10-02T16:57:18.156504+00:00,1547,183,True
2026-10-02T16:57:18.156504+00:00,1548,174,True
2026-10-02T16:57:18.156504+00:00,1549,163,True
2026-10-02T16:57:18.156504+00:00,1550,151,True
2026-10-02T16:57:18.156504+00:00,1551,138,True
2026-10-02T16:57:18.171726+00:00,1552,124,True
2026-10-02T16:57:18.171726+00:00,1553,111,True
2026-10-02T16:57:18.171726+00:00,1554,100,True
2026-10-02T16:57:18.171726+00:00,1555,89,True
2026-10-02T16:57:18.171726+00:00,1556,79,True
2026-10-02T16:57:18.171726+00:00,1557,70,True
2026-10-02T16:57:18.171726+00:00,1558,61,True
2026-10-02T16:57:18.171726+00:00,1559,53,True
2026-10-02T16:57:18.187293+00:00,1560,43,True
2026-10-02T16:57:18.187293+00:00,1561,33,True
2026-10-02T16:57:18.187293+00:00,1562,21,True
2026-10-02T16:57:18.187293+00:00,1563,7,True
2026-10-02T16:57:18.187293+00:00,1564,-9,True
2026-10-02T16:57:18.187293+00:00,1565,-27,True
2026-10-02T16:57:18.187293+00:00,1566,-48,True
2026-10-02T16:57:18.187293+00:00,1567,-71,True
2026-10-02T16:57:18.202615+00:00,1568,-95,True
2026-10-02T16:57:18.202615+00:00,1569,-119,True
2026-10-02T16:57:18.202615+00:00,1570,-143,True
2026-10-02T16:57:18.202615+00:00,1571,-165,True
2026-10-02T16:57:18.202615+00:00,1572,-185,True
2026-10-02T16:57:18.202615+00:00,1573,-201,True
2026-10-02T16:57:18.202615+00:00,1574,-213,True
2026-10-02T16:57:18.202615+00:00,1575,-219,True
2026-10-02T16:57:18.218833+00:00,1576,-220,True
2026-10-02T16:57:18.218833+00:00,1577,-215,True
2026-10-02T16:57:18.218833+00:00,1578,-205,True
2026-10-02T16:57:18.218833+00:00,1579,-188,True
2026-10-02T16:57:18.218833+00:00,1580,-167,True
2026-10-02T16:57:18.218833+00:00,1581,-142,True
2026-10-02T16:57:18.218833+00:00,1582,-113,True
2026-10-02T16:57:18.218833+00:00,1583,-83,True
2026-10-02T16:57:18.234440+00:00,1584,-51,True
2026-10-02T16:57:18.234440+00:00,1585,-20,True
2026-10-02T16:57:18.234440+00:00,1586,9,True
2026-10-02T16:57:18.234440+00:00,1587,37,True
2026-10-02T16:57:18.234440+00:00,1588,62,True
2026-10-02T16:57:18.234440+00:00,1589,83,True
2026-10-02T16:57:18.234440+00:00,1590,101,True
2026-10-02T16:57:18.234440+00:00,1591,115,True
2026-10-02T16:57:18.250082+00:00,1592,125,True
2026-10-02T16:57:18.250082+00:00,1593,131,True
2026-10-02T16:57:18.250082+00:00,1594,135,True
2026-10-02T16:57:18.250082+00:00,1595,137,True
2026-10-02T16:57:18.250082+00:00,1596,137,True
2026-10-02T16:57:18.250082+00:00,1597,136,True
2026-10-02T16:57:18.250082+00:00,1598,136,True
2026-10-02T16:57:18.250082+00:00,1599,135,True
2026-10-02T16:57:18.265543+00:00,1600,135,True
2026-10-02T16:57:18.265543+00:00,1601,135,True
2026-10-02T16:57:18.265543+00:00,1602,136,True
2026-10-02T16:57:18.265543+00:00,1603,136,True
2026-10-02T16:57:18.265543+00:00,1604,137,True
2026-10-02T16:57:18.265543+00:00,1605,137,True
2026-10-02T16:57:18.265543+00:00,1606,135,True
2026-10-02T16:57:18.265543+00:00,1607,131,True
2026-10-02T16:57:18.281045+00:00,1608,125,True
2026-10-02T16:57:18.281045+00:00,1609,115,True
2026-10-02T16:57:18.281045+00:00,1610,101,True
2026-10-02T16:57:18.281045+00:00,1611,83,True
2026-10-02T16:57:18.281045+00:00,1612,62,True
2026-10-02T16:57:18.281045+00:00,1613,37,True
2026-10-02T16:57:18.281045+00:00,1614,9,True
2026-10-02T16:57:18.281045+00:00,1615,-20,True
2026-10-02T16:57:18.296782+00:00,1616,-51,True
2026-10-02T16:57:18.296782+00:00,1617,-83,True
2026-10-02T16:57:18.296782+00:00,1618,-113,True
2026-10-02T16:57:18.296782+00:00,1619,-142,True
2026-10-02T16:57:18.296782+00:00,1620,-167,True
2026-10-02T16:57:18.296782+00:00,1621,-188,True
2026-10-02T16:57:18.296782+00:00,1622,-205,True
2026-10-02T16:57:18.296782+00:00,1623,-215,True
2026-10-02T16:57:18.312595+00:00,1624,-220,True
2026-10-02T16:57:18.312595+00:00,1625,-219,True
2026-10-02T16:57:18.312595+00:00,1626,-213,True
2026-10-02T16:57:18.312595+00:00,1627,-201,True
2026-10-02T16:57:18.312595+00:00,1628,-185,True
2026-10-02T16:57:18.312595+00:00,1629,-165,True
2026-10-02T16:57:18.312595+00:00,1630,-143,True
2026-10-02T16:57:18.312595+00:00,1631,-119,True
2026-10-02T16:57:18.328140+00:00,1632,-95,True
2026-10-02T16:57:18.328140+00:00,1633,-71,True
2026-10-02T16:57:18.328140+00:00,1634,-48,True
2026-10-02T16:57:18.328140+00:00,1635,-27,True
2026-10-02T16:57:18.328140+00:00,1636,-9,True
2026-10-02T16:57:18.328140+00:00,1637,7,True
2026-10-02T16:57:18.328140+00:00,1638,21,True
2026-10-02T16:57:18.328140+00:00,1639,33,True
2026-10-02T16:57:18.344140+00:00,1640,43,True
2026-10-02T16:57:18.344140+00:00,1641,53,True
2026-10-02T16:57:18.344140+00:00,1642,61,True
2026-10-02T16:57:18.344140+00:00,1643,70,True
2026-10-02T16:57:18.344140+00:00,1644,79,True
2026-10-02T16:57:18.344140+00:00,1645,89,True
2026-10-02T16:57:18.344140+00:00,1646,100,True
2026-10-02T16:57:18.344140+00:00,1647,111,True
2026-10-02T16:57:18.359649+00:00,1648,124,True
2026-10-02T16:57:18.359649+00:00,1649,138,True
2026-10-02T16:57:18.359649+00:00,1650,151,True
2026-10-02T16:57:18.359649+00:00,1651,163,True
2026-10-02T16:57:18.359649+00:00,1652,174,True
2026-10-02T16:57:18.359649+00:00,1653,183,True
2026-10-02T16:57:18.359649+00:00,1654,188,True
2026-10-02T16:57:18.359649+00:00,1655,190,True
2026-10-02T16:57:18.375473+00:00,1656,187,True
2026-10-02T16:57:18.375473+00:00,1657,179,True
2026-10-02T16:57:18.375473+00:00,1658,165,True
2026-10-02T16:57:18.375473+00:00,1659,147,True
2026-10-02T16:57:18.375473+00:00,1660,124,True
2026-10-02T16:57:18.375473+00:00,1661,97,True
2026-10-02T16:57:18.375473+00:00,1662,66,True
2026-10-02T16:57:18.375473+00:00,1663,34,True
2026-10-02T16:57:18.390669+00:00,1664,0,True
2026-10-02T16:57:18.390669+00:00,1665,-34,True
2026-10-02T16:57:18.390669+00:00,1666,-66,True
2026-10-02T16:57:18.390669+00:00,1667,-97,True
2026-10-02T16:57:18.390669+00:00,1668,-124,True
2026-10-02T16:57:18.390669+00:00,1669,-147,True
2026-10-02T16:57:18.390669+00:00,1670,-165,True
2026-10-02T16:57:18.390669+00:00,1671,-179,True
2026-10-02T16:57:18.406456+00:00,1672,-187,True
2026-10-02T16:57:18.406456+00:00,1673,-190,True
2026-10-02T16:57:18.406456+00:00,1674,-188,True
2026-10-02T16:57:18.406456+00:00,1675,-183,True
2026-10-02T16:57:18.406456+00:00,1676,-174,True
2026-10-02T16:57:18.406456+00:00,1677,-163,True
2026-10-02T16:57:18.406456+00:00,1678,-151,True
2026-10-02T16:57:18.406456+00:00,1679,-138,True
2026-10-02T16:57:18.421549+00:00,1680,-124,True
2026-10-02T16:57:18.421549+00:00,1681,-111,True
2026-10-02T16:57:18.421549+00:00,1682,-100,True
2026-10-02T16:57:18.421549+00:00,1683,-89,True
2026-10-02T16:57:18.421549+00:00,1684,-79,True
2026-10-02T16:57:18.421549+00:00,1685,-70,True
2026-10-02T16:57:18.421549+00:00,1686,-61,True
2026-10-02T16:57:18.421549+00:00,1687,-53,True
2026-10-02T16:57:18.438285+00:00,1688,-43,True
2026-10-02T16:57:18.438285+00:00,1689,-33,True
2026-10-02T16:57:18.438285+00:00,1690,-21,True
2026-10-02T16:57:18.438285+00:00,1691,-7,True
2026-10-02T16:57:18.438285+00:00,1692,9,True
2026-10-02T16:57:18.438285+00:00,1693,27,True
2026-10-02T16:57:18.438285+00:00,1694,48,True
2026-10-02T16:57:18.438285+00:00,1695,71,True
2026-10-02T16:57:18.453254+00:00,1696,95,True
2026-10-02T16:57:18.453254+00:00,1697,119,True
2026-10-02T16:57:18.453254+00:00,1698,143,True
2026-10-02T16:57:18.453254+00:00,1699,165,True
2026-10-02T16:57:18.453254+00:00,1700,185,True
2026-10-02T16:57:18.453254+00:00,1701,201,True
2026-10-02T16:57:18.453254+00:00,1702,213,True
2026-10-02T16:57:18.453254+00:00,1703,219,True
2026-10-02T16:57:18.468544+00:00,1704,220,True
2026-10-02T16:57:18.468544+00:00,1705,215,True
2026-10-02T16:57:18.468544+00:00,1706,205,True
2026-10-02T16:57:18.468544+00:00,1707,188,True
2026-10-02T16:57:18.468544+00:00,1708,167,True
2026-10-02T16:57:18.468544+00:00,1709,142,True
2026-10-02T16:57:18.468544+00:00,1710,113,True
2026-10-02T16:57:18.468544+00:00,1711,83,True
2026-10-02T16:57:18.484185+00:00,1712,51,True
2026-10-02T16:57:18.484185+00:00,1713,20,True
2026-10-02T16:57:18.484185+00:00,1714,-9,True
2026-10-02T16:57:18.484185+00:00,1715,-37,True
2026-10-02T16:57:18.484185+00:00,1716,-62,True
2026-10-02T16:57:18.484185+00:00,1717,-83,True
2026-10-02T16:57:18.484185+00:00,1718,-101,True
2026-10-02T16:57:18.484185+00:00,1719,-115,True
2026-10-02T16:57:18.499800+00:00,1720,-125,True
2026-10-02T16:57:18.499800+00:00,1721,-131,True
2026-10-02T16:57:18.499800+00:00,1722,-135,True
2026-10-02T16:57:18.499800+00:00,1723,-137,True
2026-10-02T16:57:18.499800+00:00,1724,-137,True
2026-10-02T16:57:18.499800+00:00,1725,-136,True
2026-10-02T16:57:18.499800+00:00,1726,-136,True
2026-10-02T16:57:18.499800+00:00,1727,-135,True
2026-10-02T16:57:18.515437+00:00,1728,-135,True
2026-10-02T16:57:18.515437+00:00,1729,-135,True
2026-10-02T16:57:18.515437+00:00,1730,-136,True
2026-10-02T16:57:18.515437+00:00,1731,-136,True
2026-10-02T16:57:18.515437+00:00,1732,-137,True
2026-10-02T16:57:18.515437+00:00,1733,-137,True
2026-10-02T16:57:18.515437+00:00,1734,-135,True
2026-10-02T16:57:18.515437+00:00,1735,-131,True
2026-10-02T16:57:18.531315+00:00,1736,-125,True
2026-10-02T16:57:18.531315+00:00,1737,-115,True
2026-10-02T16:57:18.531315+00:00,1738,-101,True
2026-10-02T16:57:18.531315+00:00,1739,-83,True
2026-10-02T16:57:18.531315+00:00,1740,-62,True
2026-10-02T16:57:18.531315+00:00,1741,-37,True
2026-10-02T16:57:18.531315+00:00,1742,-9,True
2026-10-02T16:57:18.531315+00:00,1743,20,True
2026-10-02T16:57:18.546488+00:00,1744,51,True
2026-10-02T16:57:18.546488+00:00,1745,83,True
2026-10-02T16:57:18.546488+00:00,1746,113,True
2026-10-02T16:57:18.546488+00:00,1747,142,True
2026-10-02T16:57:18.546488+00:00,1748,167,True
2026-10-02T16:57:18.546488+00:00,1749,188,True
2026-10-02T16:57:18.546488+00:00,1750,205,True
2026-10-02T16:57:18.546488+00:00,1751,215,True
2026-10-02T16:57:18.561640+00:00,1752,220,True
2026-10-02T16:57:18.561640+00:00,1753,219,True
2026-10-02T16:57:18.561640+00:00,1754,213,True
2026-10-02T16:57:18.561640+00:00,1755,201,True
2026-10-02T16:57:18.561640+00:00,1756,185,True
2026-10-02T16:57:18.561640+00:00,1757,165,True
2026-10-02T16:57:18.561640+00:00,1758,143,True
2026-10-02T16:57:18.561640+00:00,1759,119,True
2026-10-02T16:57:18.579236+00:00,1760,95,True
2026-10-02T16:57:18.579236+00:00,1761,71,True
2026-10-02T16:57:18.579236+00:00,1762,48,True
2026-10-02T16:57:18.579236+00:00,1763,27,True
2026-10-02T16:57:18.579236+00:00,1764,9,True
2026-10-02T16:57:18.579236+00:00,1765,-7,True
2026-10-02T16:57:18.579236+00:00,1766,-21,True
2026-10-02T16:57:18.579236+00:00,1767,-33,True
2026-10-02T16:57:18.594424+00:00,1768,-43,True
2026-10-02T16:57:18.594424+00:00,1769,-53,True
2026-10-02T16:57:18.594424+00:00,1770,-61,True
2026-10-02T16:57:18.594424+00:00,1771,-70,True
2026-10-02T16:57:18.594424+00:00,1772,-79,True
2026-10-02T16:57:18.594424+00:00,1773,-89,True
2026-10-02T16:57:18.594424+00:00,1774,-100,True
2026-10-02T16:57:18.594424+00:00,1775,-111,True
2026-10-02T16:57:18.609746+00:00,1776,-124,True
2026-10-02T16:57:18.609746+00:00,1777,-138,True
2026-10-02T16:57:18.609746+00:00,1778,-151,True
2026-10-02T16:57:18.609746+00:00,1779,-163,True
2026-10-02T16:57:18.609746+00:00,1780,-174,True
2026-10-02T16:57:18.609746+00:00,1781,-183,True
2026-10-02T16:57:18.609746+00:00,1782,-188,True
2026-10-02T16:57:18.609746+00:00,1783,-190,True
2026-10-02T16:57:18.625631+00:00,1784,-187,True
2026-10-02T16:57:18.625631+00:00,1785,-179,True
2026-10-02T16:57:18.625631+00:00,1786,-165,True
2026-10-02T16:57:18.625631+00:00,1787,-147,True
2026-10-02T16:57:18.625631+00:00,1788,-124,True
2026-10-02T16:57:18.625631+00:00,1789,-97,True
2026-10-02T16:57:18.625631+00:00,1790,-66,True
2026-10-02T16:57:18.625631+00:00,1791,-34,True
2026-10-02T16:57:18.635553+00:00,1792,0,True
2026-10-02T16:57:18.635553+00:00,1793,34,True
2026-10-02T16:57:18.635553+00:00,1794,66,True
2026-10-02T16:57:18.635553+00:00,1795,97,True
2026-10-02T16:57:18.635553+00:00,1796,124,True
2026-10-02T16:57:18.635553+00:00,1797,147,True
2026-10-02T16:57:18.635553+00:00,1798,165,True
2026-10-02T16:57:18.635553+00:00,1799,179,True
2026-10-02T16:57:18.651059+00:00,1800,187,True
2026-10-02T16:57:18.651059+00:00,1801,190,True
2026-10-02T16:57:18.651059+00:00,1802,188,True
2026-10-02T16:57:18.651059+00:00,1803,183,True
2026-10-02T16:57:18.651059+00:00,1804,174,True
2026-10-02T16:57:18.651059+00:00,1805,163,True
2026-10-02T16:57:18.651059+00:00,1806,151,True
2026-10-02T16:57:18.651059+00:00,1807,138,True
2026-10-02T16:57:18.666271+00:00,1808,124,True
2026-10-02T16:57:18.666271+00:00,1809,111,True
2026-10-02T16:57:18.666271+00:00,1810,100,True
2026-10-02T16:57:18.666271+00:00,1811,89,True
2026-10-02T16:57:18.666271+00:00,1812,79,True
2026-10-02T16:57:18.666271+00:00,1813,70,True
2026-10-02T16:57:18.666271+00:00,1814,61,True
2026-10-02T16:57:18.666271+00:00,1815,53,True
2026-10-02T16:57:18.682716+00:00,1816,43,True
2026-10-02T16:57:18.682716+00:00,1817,33,True
2026-10-02T16:57:18.682716+00:00,1818,21,True
2026-10-02T16:57:18.682716+00:00,1819,7,True
2026-10-02T16:57:18.682716+00:00,1820,-9,True
2026-10-02T16:57:18.682716+00:00,1821,-27,True
2026-10-02T16:57:18.682716+00:00,1822,-48,True
2026-10-02T16:57:18.682716+00:00,1823,-71,True
2026-10-02T16:57:18.698761+00:00,1824,-95,True
2026-10-02T16:57:18.698761+00:00,1825,-119,True
2026-10-02T16:57:18.698761+00:00,1826,-143,True
2026-10-02T16:57:18.698761+00:00,1827,-165,True
2026-10-02T16:57:18.698761+00:00,1828,-185,True
2026-10-02T16:57:18.698761+00:00,1829,-201,True
2026-10-02T16:57:18.698761+00:00,1830,-213,True
2026-10-02T16:57:18.698761+00:00,1831,-219,True
2026-10-02T16:57:18.714811+00:00,1832,-220,True
2026-10-02T16:57:18.714811+00:00,1833,-215,True
2026-10-02T16:57:18.714811+00:00,1834,-205,True
2026-10-02T16:57:18.714811+00:00,1835,-188,True
2026-10-02T16:57:18.714811+00:00,1836,-167,True
2026-10-02T16:57:18.714811+00:00,1837,-142,True
2026-10-02T16:57:18.714811+00:00,1838,-113,True
2026-10-02T16:57:18.714811+00:00,1839,-83,True
2026-10-02T16:57:18.730974+00:00,1840,-51,True
2026-10-02T16:57:18.730974+00:00,1841,-20,True
2026-10-02T16:57:18.730974+00:00,1842,9,True
2026-10-02T16:57:18.730974+00:00,1843,37,True
2026-10-02T16:57:18.730974+00:00,1844,62,True
2026-10-02T16:57:18.730974+00:00,1845,83,True
2026-10-02T16:57:18.730974+00:00,1846,101,True
2026-10-02T16:57:18.730974+00:00,1847,115,True
2026-10-02T16:57:18.744978+00:00,1848,125,True
2026-10-02T16:57:18.744978+00:00,1849,131,True
2026-10-02T16:57:18.744978+00:00,1850,135,True
2026-10-02T16:57:18.744978+00:00,1851,137,True
2026-10-02T16:57:18.744978+00:00,1852,137,True
2026-10-02T16:57:18.744978+00:00,1853,136,True
2026-10-02T16:57:18.744978+00:00,1854,136,True
2026-10-02T16:57:18.744978+00:00,1855,135,True
2026-10-02T16:57:18.761033+00:00,1856,135,True
2026-10-02T16:57:18.761033+00:00,1857,135,True
2026-10-02T16:57:18.761033+00:00,1858,136,True
2026-10-02T16:57:18.761033+00:00,1859,136,True
2026-10-02T16:57:18.761033+00:00,1860,137,True
2026-10-02T16:57:18.761033+00:00,1861,137,True
2026-10-02T16:57:18.761033+00:00,1862,135,True
2026-10-02T16:57:18.761033+00:00,1863,131,True
2026-10-02T16:57:18.776668+00:00,1864,125,True
2026-10-02T16:57:18.776668+00:00,1865,115,True
2026-10-02T16:57:18.776668+00:00,1866,101,True
2026-10-02T16:57:18.776668+00:00,1867,83,True
2026-10-02T16:57:18.776668+00:00,1868,62,True
2026-10-02T16:57:18.776668+00:00,1869,37,True
2026-10-02T16:57:18.776668+00:00,1870,9,True
2026-10-02T16:57:18.776668+00:00,1871,-20,True
2026-10-02T16:57:18.792334+00:00,1872,-51,True
2026-10-02T16:57:18.792334+00:00,1873,-83,True
2026-10-02T16:57:18.792334+00:00,1874,-113,True
2026-10-02T16:57:18.792334+00:00,1875,-142,True
2026-10-02T16:57:18.792334+00:00,1876,-167,True
2026-10-02T16:57:18.792334+00:00,1877,-188,True
2026-10-02T16:57:18.792334+00:00,1878,-205,True
2026-10-02T16:57:18.792334+00:00,1879,-215,True
2026-10-02T16:57:18.807338+00:00,1880,-220,True
2026-10-02T16:57:18.807338+00:00,1881,-219,True
2026-10-02T16:57:18.807338+00:00,1882,-213,True
2026-10-02T16:57:18.807338+00:00,1883,-201,True
2026-10-02T16:57:18.807338+00:00,1884,-185,True
2026-10-02T16:57:18.807338+00:00,1885,-165,True
2026-10-02T16:57:18.807338+00:00,1886,-143,True
2026-10-02T16:57:18.807338+00:00,1887,-119,True
2026-10-02T16:57:18.822893+00:00,1888,-95,True
2026-10-02T16:57:18.822893+00:00,1889,-71,True
2026-10-02T16:57:18.822893+00:00,1890,-48,True
2026-10-02T16:57:18.822893+00:00,1891,-27,True
2026-10-02T16:57:18.822893+00:00,1892,-9,True
2026-10-02T16:57:18.822893+00:00,1893,7,True
2026-10-02T16:57:18.822893+00:00,1894,21,True
2026-10-02T16:57:18.822893+00:00,1895,33,True
2026-10-02T16:57:18.838643+00:00,1896,43,True
2026-10-02T16:57:18.838643+00:00,1897,53,True
2026-10-02T16:57:18.838643+00:00,1898,61,True
2026-10-02T16:57:18.838643+00:00,1899,70,True
2026-10-02T16:57:18.838643+00:00,1900,79,True
2026-10-02T16:57:18.838643+00:00,1901,89,True
2026-10-02T16:57:18.838643+00:00,1902,100,True
2026-10-02T16:57:18.838643+00:00,1903,111,True
2026-10-02T16:57:18.854005+00:00,1904,124,True
2026-10-02T16:57:18.854005+00:00,1905,138,True
2026-10-02T16:57:18.854005+00:00,1906,151,True
2026-10-02T16:57:18.854005+00:00,1907,163,True
2026-10-02T16:57:18.854005+00:00,1908,174,True
2026-10-02T16:57:18.854005+00:00,1909,183,True
2026-10-02T16:57:18.854005+00:00,1910,188,True
2026-10-02T16:57:18.854005+00:00,1911,190,True
2026-10-02T16:57:18.869957+00:00,1912,187,True
2026-10-02T16:57:18.869957+00:00,1913,179,True
2026-10-02T16:57:18.869957+00:00,1914,165,True
2026-10-02T16:57:18.869957+00:00,1915,147,True
2026-10-02T16:57:18.869957+00:00,1916,124,True
2026-10-02T16:57:18.869957+00:00,1917,97,True
2026-10-02T16:57:18.869957+00:00,1918,66,True
2026-10-02T16:57:18.869957+00:00,1919,34,True
2026-10-02T16:57:18.885213+00:00,1920,0,True
2026-10-02T16:57:18.885213+00:00,1921,-34,True
2026-10-02T16:57:18.885213+00:00,1922,-66,True
2026-10-02T16:57:18.885213+00:00,1923,-97,True
2026-10-02T16:57:18.885213+00:00,1924,-124,True
2026-10-02T16:57:18.885213+00:00,1925,-147,True
2026-10-02T16:57:18.885213+00:00,1926,-165,True
2026-10-02T16:57:18.885213+00:00,1927,-179,True
2026-10-02T16:57:18.901249+00:00,1928,-187,True
2026-10-02T16:57:18.901249+00:00,1929,-190,True
2026-10-02T16:57:18.901249+00:00,1930,-188,True
2026-10-02T16:57:18.901249+00:00,1931,-183,True
2026-10-02T16:57:18.901249+00:00,1932,-174,True
2026-10-02T16:57:18.901249+00:00,1933,-163,True
2026-10-02T16:57:18.901249+00:00,1934,-151,True
2026-10-02T16:57:18.901249+00:00,1935,-138,True
2026-10-02T16:57:18.916259+00:00,1936,-124,True
2026-10-02T16:57:18.916259+00:00,1937,-111,True
2026-10-02T16:57:18.916259+00:00,1938,-100,True
2026-10-02T16:57:18.916259+00:00,1939,-89,True
2026-10-02T16:57:18.916259+00:00,1940,-79,True
2026-10-02T16:57:18.916259+00:00,1941,-70,True
2026-10-02T16:57:18.916259+00:00,1942,-61,True
2026-10-02T16:57:18.916259+00:00,1943,-53,True
2026-10-02T16:57:18.931599+00:00,1944,-43,True
2026-10-02T16:57:18.931599+00:00,1945,-33,True
2026-10-02T16:57:18.931599+00:00,1946,-21,True
2026-10-02T16:57:18.931599+00:00,1947,-7,True
2026-10-02T16:57:18.931599+00:00,1948,9,True
2026-10-02T16:57:18.931599+00:00,1949,27,True
2026-10-02T16:57:18.931599+00:00,1950,48,True
2026-10-02T16:57:18.931599+00:00,1951,71,True
2026-10-02T16:57:18.947669+00:00,1952,95,True
2026-10-02T16:57:18.947669+00:00,1953,119,True
2026-10-02T16:57:18.947669+00:00,1954,143,True
2026-10-02T16:57:18.947669+00:00,1955,165,True
2026-10-02T16:57:18.947669+00:00,1956,185,True
2026-10-02T16:57:18.947669+00:00,1957,201,True
2026-10-02T16:57:18.947669+00:00,1958,213,True
2026-10-02T16:57:18.947669+00:00,1959,219,True
2026-10-02T16:57:18.963581+00:00,1960,220,True
2026-10-02T16:57:18.963581+00:00,1961,215,True
2026-10-02T16:57:18.963581+00:00,1962,205,True
2026-10-02T16:57:18.963581+00:00,1963,188,True
2026-10-02T16:57:18.963581+00:00,1964,167,True
2026-10-02T16:57:18.963581+00:00,1965,142,True
2026-10-02T16:57:18.963581+00:00,1966,113,True
2026-10-02T16:57:18.963581+00:00,1967,83,True
2026-10-02T16:57:18.979499+00:00,1968,51,True
2026-10-02T16:57:18.979499+00:00,1969,20,True
2026-10-02T16:57:18.979499+00:00,1970,-9,True
2026-10-02T16:57:18.979499+00:00,1971,-37,True
2026-10-02T16:57:18.979499+00:00,1972,-62,True
2026-10-02T16:57:18.979499+00:00,1973,-83,True
2026-10-02T16:57:18.979499+00:00,1974,-101,True
2026-10-02T16:57:18.979499+00:00,1975,-115,True
2026-10-02T16:57:18.995107+00:00,1976,-125,True
2026-10-02T16:57:18.995107+00:00,1977,-131,True
2026-10-02T16:57:18.995107+00:00,1978,-135,True
2026-10-02T16:57:18.995107+00:00,1979,-137,True
2026-10-02T16:57:18.995107+00:00,1980,-137,True
2026-10-02T16:57:18.995107+00:00,1981,-136,True
2026-10-02T16:57:18.995107+00:00,1982,-136,True
2026-10-02T16:57:18.995107+00:00,1983,-135,True
2026-10-02T16:57:19.010602+00:00,1984,-135,True
2026-10-02T16:57:19.010602+00:00,1985,-135,True
2026-10-02T16:57:19.010602+00:00,1986,-136,True
2026-10-02T16:57:19.010602+00:00,1987,-136,True
2026-10-02T16:57:19.010602+00:00,1988,-137,True
2026-10-02T16:57:19.010602+00:00,1989,-137,True
2026-10-02T16:57:19.010602+00:00,1990,-135,True
2026-10-02T16:57:19.010602+00:00,1991,-131,True
2026-10-02T16:57:19.026516+00:00,1992,-125,True
2026-10-02T16:57:19.026516+00:00,1993,-115,True
2026-10-02T16:57:19.026516+00:00,1994,-101,True
2026-10-02T16:57:19.026516+00:00,1995,-83,True
2026-10-02T16:57:19.026516+00:00,1996,-62,True
2026-10-02T16:57:19.026516+00:00,1997,-37,True
2026-10-02T16:57:19.026516+00:00,1998,-9,True
2026-10-02T16:57:19.026516+00:00,1999,20,True
2026-10-02T16:57:19.041384+00:00,2000,51,True
2026-10-02T16:57:19.041384+00:00,2001,83,True
2026-10-02T16:57:19.041384+00:00,2002,113,True
2026-10-02T16:57:19.041384+00:00,2003,142,True
2026-10-02T16:57:19.041384+00:00,2004,167,True
2026-10-02T16:57:19.041384+00:00,2005,188,True
2026-10-02T16:57:19.041384+00:00,2006,205,True
2026-10-02T16:57:19.041384+00:00,2007,215,True
2026-10-02T16:57:19.057385+00:00,2008,220,True
2026-10-02T16:57:19.057385+00:00,2009,219,True
2026-10-02T16:57:19.057385+00:00,2010,213,True
2026-10-02T16:57:19.057385+00:00,2011,201,True
2026-10-02T16:57:19.057385+00:00,2012,185,True
2026-10-02T16:57:19.057385+00:00,2013,165,True
2026-10-02T16:57:19.057385+00:00,2014,143,True
2026-10-02T16:57:19.057385+00:00,2015,119,True
2026-10-02T16:57:19.072676+00:00,2016,95,True
2026-10-02T16:57:19.072676+00:00,2017,71,True
2026-10-02T16:57:19.072676+00:00,2018,48,True
2026-10-02T16:57:19.072676+00:00,2019,27,True
2026-10-02T16:57:19.072676+00:00,2020,9,True
2026-10-02T16:57:19.072676+00:00,2021,-7,True
2026-10-02T16:57:19.072676+00:00,2022,-21,True
2026-10-02T16:57:19.072676+00:00,2023,-33,True
2026-10-02T16:57:19.087927+00:00,2024,-43,True
2026-10-02T16:57:19.087927+00:00,2025,-53,True
2026-10-02T16:57:19.087927+00:00,2026,-61,True
2026-10-02T16:57:19.087927+00:00,2027,-70,True
2026-10-02T16:57:19.087927+00:00,2028,-79,True
2026-10-02T16:57:19.087927+00:00,2029,-89,True
2026-10-02T16:57:19.087927+00:00,2030,-100,True
2026-10-02T16:57:19.087927+00:00,2031,-111,True
2026-10-02T16:57:19.103308+00:00,2032,-124,True
2026-10-02T16:57:19.103308+00:00,2033,-138,True
2026-10-02T16:57:19.103308+00:00,2034,-151,True
2026-10-02T16:57:19.103308+00:00,2035,-163,True
2026-10-02T16:57:19.103308+00:00,2036,-174,True
2026-10-02T16:57:19.103308+00:00,2037,-183,True
2026-10-02T16:57:19.103308+00:00,2038,-188,True
2026-10-02T16:57:19.103308+00:00,2039,-190,True
2026-10-02T16:57:19.119647+00:00,2040,-187,True
2026-10-02T16:57:19.119647+00:00,2041,-179,True
2026-10-02T16:57:19.119647+00:00,2042,-165,True
2026-10-02T16:57:19.119647+00:00,2043,-147,True
2026-10-02T16:57:19.119647+00:00,2044,-124,True
2026-10-02T16:57:19.119647+00:00,2045,-97,True
2026-10-02T16:57:19.119647+00:00,2046,-66,True
2026-10-02T16:57:19.119647+00:00,2047,-34,True
2026-10-02T16:57:19.134720+00:00,2048,0,True
2026-10-02T16:57:19.134720+00:00,2049,34,True
2026-10-02T16:57:19.134720+00:00,2050,66,True
2026-10-02T16:57:19.134720+00:00,2051,97,True
2026-10-02T16:57:19.134720+00:00,2052,124,True
2026-10-02T16:57:19.134720+00:00,2053,147,True
2026-10-02T16:57:19.134720+00:00,2054,165,True
2026-10-02T16:57:19.134720+00:00,2055,179,True
